1574823018.1170542,[[0.04610138]]
1574823018.52992,[[0.8110557]]
1574823019.4696143,[[0.04239225]]
1574823021.4759617,[[0.04110369]]
1574823023.4753108,[[0.7308762]]
1574823025.6775932,[[0.7110677]]
1574823027.6309574,[[0.5501801]]
1574823029.6702936,[[0.78738886]]
1574823031.6766405,[[0.21792758]]
1574823033.6699915,[[0.9019991]]
1574823035.789302,[[0.9313316]]
1574823037.827638,[[0.8731058]]
1574823039.824988,[[0.94795144]]
1574823041.8193388,[[0.15064867]]
1574823043.8686714,[[0.848718]]
1574823045.9699876,[[0.77091986]]
1574823047.9713361,[[0.9268499]]
1574823049.9836814,[[0.34570885]]
1574823052.0260162,[[0.09007924]]
1574823054.0683515,[[0.08186405]]
1574823056.2216506,[[0.13988042]]
1574823058.1210322,[[0.0103699]]
1574823060.1713648,[[0.09527406]]
1574823062.1787117,[[0.80090076]]
1574823064.2190473,[[0.02878571]]
1574823066.3203633,[[0.033163]]
1574823068.3197124,[[0.7055195]]
1574823070.3740437,[[0.04045273]]
1574823072.330407,[[0.34971523]]
1574823074.3747416,[[0.07303506]]
1574823076.46906,[[0.5266413]]
1574823078.4704082,[[0.8942558]]
1574823080.52274,[[0.783893]]
1574823082.5250885,[[0.7667504]]
1574823084.522438,[[0.8933983]]
1574823086.6207552,[[0.9189665]]
1574823088.6740868,[[0.8891303]]
1574823090.6754353,[[0.6652216]]
1574823092.7217693,[[0.47710615]]
1574823094.7721019,[[0.7896364]]
1574823096.8274329,[[0.8418327]]
1574823098.8677685,[[0.6388568]]
1574823100.8651185,[[0.27737063]]
1574823102.9224489,[[0.02278031]]
1574823104.8708146,[[0.02347401]]
1574823106.9751296,[[0.8413429]]
1574823109.0164652,[[0.892828]]
1574823111.12078,[[0.4679872]]
1574823113.0181625,[[0.6379439]]
1574823115.0714943,[[0.30252162]]
1574823117.1748097,[[0.08410569]]
1574823119.1771574,[[0.07482599]]
1574823121.2174938,[[0.74256957]]
1574823123.2668262,[[0.72659296]]
1574823125.2691746,[[0.8740203]]
1574823127.4244728,[[0.8013456]]
1574823129.380836,[[0.89001495]]
1574823131.3731873,[[0.8735345]]
1574823133.3645396,[[0.20090632]]
1574823135.4178708,[[0.1570998]]
1574823137.57117,[[0.83986074]]
1574823139.521535,[[0.39938504]]
1574823141.62685,[[0.2949434]]
1574823143.566219,[[0.5710456]]
1574823145.6675346,[[0.27279392]]
1574823147.6698828,[[0.6438658]]
1574823149.7721984,[[0.12206981]]
1574823151.7225635,[[0.45871493]]
1574823153.776895,[[0.21588781]]
1574823155.7192628,[[0.8700567]]
1574823157.9225454,[[0.877184]]
1574823159.870911,[[0.83811766]]
1574823161.8732598,[[0.88007903]]
1574823163.9205933,[[0.8763342]]
1574823166.0139117,[[0.74749064]]
1574823168.0222578,[[0.7116601]]
1574823171.0222814,[[0.5890787]]
1574823173.1215987,[[0.41865557]]
1574823175.1249459,[[0.14883222]]
1574823177.2212634,[[0.7752611]]
1574823179.2226121,[[0.89553195]]
1574823181.2259598,[[0.94125926]]
1574823183.3172789,[[0.8931783]]
1574823185.3186276,[[0.77866846]]
1574823187.3679602,[[0.839738]]
1574823189.3243237,[[0.8681864]]
1574823191.3716574,[[0.90085524]]
1574823193.472973,[[0.78846526]]
1574823195.4633253,[[0.89190316]]
1574823197.5156572,[[0.8743795]]
1574823199.5859833,[[0.9696833]]
1574823201.53135,[[0.84889024]]
1574823203.6246684,[[0.02913103]]
1574823205.7179873,[[0.04469457]]
1574823207.6643534,[[0.00947073]]
1574823209.6717002,[[0.00258767]]
1574823211.6720495,[[0.01122697]]
1574823213.8763316,[[0.1141837]]
1574823215.8206987,[[0.07352362]]
1574823217.8670328,[[0.40028578]]
1574823219.865382,[[0.8417978]]
1574823221.9676976,[[0.37188017]]
1574823223.9740446,[[0.9045921]]
1574823225.9763927,[[0.9558448]]
1574823228.0227268,[[0.8864358]]
1574823230.0110798,[[0.94871414]]
1574823232.0664103,[[0.9531791]]
1574823234.1697257,[[0.97569454]]
1574823236.1650763,[[0.9639123]]
1574823238.2274048,[[0.9278084]]
1574823240.2127585,[[0.8936608]]
1574823242.2650905,[[0.95536345]]
1574823244.3194222,[[0.76990396]]
1574823246.3167715,[[0.7954605]]
1574823248.372103,[[0.09731171]]
1574823250.3764515,[[0.16730168]]
1574823252.4127877,[[0.66725516]]
1574823254.5141034,[[0.11858672]]
1574823256.616419,[[0.85970634]]
1574823258.5707824,[[0.7132851]]
1574823260.5691323,[[0.7575534]]
1574823262.5884755,[[0.9283367]]
1574823264.664799,[[0.67758536]]
1574823266.714132,[[0.77155596]]
1574823268.664497,[[0.615968]]
1574823270.8197954,[[0.9015123]]
1574823272.7181776,[[0.94757354]]
1574823274.866478,[[0.9448976]]
1574823276.866827,[[0.92286694]]
1574823278.9181592,[[0.9213673]]
1574823280.916509,[[0.7153487]]
1574823282.9688406,[[0.95328224]]
1574823285.066158,[[0.85138977]]
1574823287.0675063,[[0.58066845]]
1574823289.0668561,[[0.9661415]]
1574823291.1641734,[[0.90350544]]
1574823293.118537,[[0.13090698]]
1574823295.2198532,[[0.9149187]]
1574823297.266187,[[0.38091934]]
1574823299.2115533,[[0.5905311]]
1574823301.3138695,[[0.87425095]]
1574823303.2672336,[[0.8596416]]
1574823305.4215322,[[0.5983791]]
1574823307.372897,[[0.94778883]]
1574823309.416232,[[0.91482425]]
1574823311.4695635,[[0.91403466]]
1574823313.4679127,[[0.39533213]]
1574823315.5312412,[[0.77057976]]
1574823318.5132706,[[0.7473064]]
1574823320.6265829,[[0.8615107]]
1574823322.6719172,[[0.33521718]]
1574823324.6672676,[[0.85754466]]
1574823326.7146008,[[0.9148859]]
1574823328.7129502,[[0.91346407]]
1574823330.8192644,[[0.9502886]]
1574823332.8695972,[[0.72894484]]
1574823334.8729453,[[0.94198805]]
1574823336.860298,[[0.92697364]]
1574823338.9146295,[[0.42721978]]
1574823341.013946,[[0.935376]]
1574823343.0692778,[[0.92111176]]
1574823345.0686266,[[0.90741265]]
1574823347.0719745,[[0.9223726]]
1574823349.066325,[[0.961985]]
1574823351.2146258,[[0.9590851]]
1574823353.1629918,[[0.8504971]]
1574823355.2153234,[[0.9587967]]
1574823357.271655,[[0.87271976]]
1574823359.2280173,[[0.8603395]]
1574823361.3633227,[[0.9638821]]
1574823363.3656704,[[0.9730824]]
1574823365.366019,[[0.8998594]]
1574823367.3673675,[[0.95046526]]
1574823369.4226987,[[0.48367593]]
1574823371.5130184,[[0.92630994]]
1574823373.5653503,[[0.96455127]]
1574823375.5646994,[[0.75124186]]
1574823377.5710464,[[0.9445519]]
1574823379.5693958,[[0.9439124]]
1574823381.658716,[[0.92159384]]
1574823383.7640305,[[0.9451507]]
1574823385.7153952,[[0.8628404]]
1574823387.7137449,[[0.9330213]]
1574823389.7670765,[[0.96191525]]
1574823391.8683925,[[0.9165128]]
1574823393.859744,[[0.93909544]]
1574823395.9140756,[[0.93815154]]
1574823397.9144244,[[0.919291]]
1574823399.9147735,[[0.31428242]]
1574823402.0690718,[[0.5165614]]
1574823404.025435,[[0.89688]]
1574823406.1127555,[[0.7566091]]
1574823408.1121047,[[0.76080924]]
1574823410.0664687,[[0.37755802]]
1574823412.2657526,[[0.1500019]]
1574823414.2251153,[[0.4951069]]
1574823416.2124681,[[0.16697684]]
1574823418.292791,[[0.5961817]]
1574823420.3151326,[[0.5371544]]
1574823422.3664649,[[0.53984874]]
1574823424.414798,[[0.53658634]]
1574823426.4171462,[[0.41306734]]
1574823428.4094975,[[0.3694588]]
1574823430.4168446,[[0.19674724]]
1574823432.5671442,[[0.74909306]]
1574823434.6184769,[[0.31806374]]
1574823436.5688415,[[0.31379345]]
1574823438.5701902,[[0.36990377]]
1574823440.6165242,[[0.44553873]]
1574823442.7108421,[[0.7649179]]
1574823444.8151572,[[0.70519733]]
1574823447.8621655,[[0.5918985]]
1574823449.811531,[[0.9175815]]
1574823451.8698611,[[0.54325545]]
1574823453.86921,[[0.28020763]]
1574823455.8675597,[[0.8029681]]
1574823458.1348214,[[0.857779]]
1574823460.068192,[[0.6327657]]
1574823462.016558,[[0.6033298]]
1574823464.0159073,[[0.57444304]]
1574823466.019255,[[0.3717623]]
1574823468.209542,[[0.87895364]]
1574823470.1589074,[[0.7369623]]
1574823472.1612556,[[0.82664114]]
1574823474.2135878,[[0.72891235]]
1574823476.2689185,[[0.84298265]]
1574823478.3082547,[[0.8285757]]
1574823480.3635862,[[0.75623393]]
1574823482.3619351,[[0.82491803]]
1574823484.4102683,[[0.8440007]]
1574823486.365632,[[0.6546537]]
1574823488.5039358,[[0.7727914]]
1574823490.6112502,[[0.84912425]]
1574823492.51563,[[0.6898966]]
1574823494.5659628,[[0.20623147]]
1574823496.6192944,[[0.22401707]]
1574823498.6646285,[[0.8264782]]
1574823500.7069643,[[0.35325032]]
1574823502.7602952,[[0.6569737]]
1574823504.7076616,[[0.31984317]]
1574823506.7100096,[[0.36009732]]
1574823508.8623092,[[0.2119055]]
1574823510.8666565,[[0.9127631]]
1574823512.8570087,[[0.81548303]]
1574823514.861356,[[0.66490906]]
1574823516.90769,[[0.04864665]]
1574823519.0689867,[[0.8441234]]
1574823521.0653365,[[0.79039043]]
1574823523.0167015,[[0.4849041]]
1574823525.0570374,[[0.19964884]]
1574823527.0573864,[[0.7882932]]
1574823529.2136843,[[0.57031536]]
1574823531.2110345,[[0.76788026]]
1574823533.2123828,[[0.77277637]]
1574823535.2147336,[[0.64274466]]
1574823537.2580664,[[0.9315589]]
1574823539.3613815,[[0.81182265]]
1574823541.3607302,[[0.68851113]]
1574823543.4120626,[[0.7795571]]
1574823545.4144106,[[0.8786884]]
1574823547.457746,[[0.8957249]]
1574823549.6090453,[[0.7743197]]
1574823551.5594103,[[0.79104555]]
1574823553.5637581,[[0.8033261]]
1574823555.5651064,[[0.8117092]]
1574823557.6544268,[[0.60111415]]
1574823559.7587411,[[0.6112181]]
1574823561.7600904,[[0.6256207]]
1574823563.7114546,[[0.6305013]]
1574823565.7607877,[[0.41506007]]
1574823567.8131194,[[0.573876]]
1574823569.9604208,[[0.45372316]]
1574823571.9567711,[[0.6959416]]
1574823573.959119,[[0.53870577]]
1574823575.961467,[[0.6044647]]
1574823577.9618158,[[0.34175998]]
1574823580.0161471,[[0.6466601]]
1574823582.1074665,[[0.74846256]]
1574823584.06283,[[0.6406259]]
1574823586.1111639,[[0.3439102]]
1574823588.2134795,[[0.11004451]]
1574823590.2638116,[[0.6923939]]
1574823592.2541637,[[0.43712404]]
1574823595.3111684,[[0.49900848]]
1574823597.303521,[[0.57823014]]
1574823599.3578515,[[0.38646466]]
1574823601.3591998,[[0.67218]]
1574823603.4575171,[[0.8594952]]
1574823605.561832,[[0.8500085]]
1574823607.4722102,[[0.77450603]]
1574823609.6055155,[[0.5056901]]
1574823611.506897,[[0.27126122]]
1574823613.611212,[[0.5210333]]
1574823615.6625438,[[0.7566476]]
1574823617.6648922,[[0.81777483]]
1574823619.705228,[[0.3353306]]
1574823621.7585595,[[0.81310403]]
1574823623.7039266,[[0.6059534]]
1574823625.8072414,[[0.7973067]]
1574823627.9645398,[[0.87895817]]
1574823629.86792,[[0.9009728]]
1574823631.958242,[[0.7258104]]
1574823633.9076047,[[0.76153976]]
1574823635.9619365,[[0.0684287]]
1574823638.0102696,[[0.01405295]]
1574823640.0586026,[[0.00573171]]
1574823642.0679483,[[0.00518108]]
1574823644.102286,[[0.04935048]]
1574823646.1566212,[[0.03950483]]
1574823648.1589658,[[0.02122435]]
1574823650.26528,[[0.06958051]]
1574823652.3116143,[[0.07478273]]
1574823654.218993,[[0.09288259]]
1574823656.305314,[[0.09044924]]
1574823658.4096289,[[0.08847126]]
1574823660.3619936,[[0.35986546]]
1574823662.4623098,[[0.23623286]]
1574823664.4606593,[[0.220292]]
1574823666.5039942,[[0.173451]]
1574823668.5573258,[[0.5902007]]
1574823670.5556757,[[0.03807304]]
1574823672.6120062,[[0.22241972]]
1574823674.5613716,[[0.33160177]]
1574823676.7056732,[[0.08990633]]
1574823678.7060223,[[0.2420209]]
1574823680.7123694,[[0.26563084]]
1574823682.7107186,[[0.08668024]]
1574823684.863018,[[0.34033027]]
1574823686.9043536,[[0.03590471]]
1574823688.8497205,[[0.18290754]]
1574823690.9570343,[[0.28467917]]
1574823692.9593825,[[0.5269611]]
1574823694.9097476,[[0.11771309]]
1574823697.0090644,[[0.36593726]]
1574823699.0653946,[[0.46860012]]
1574823701.0577464,[[0.5151017]]
1574823703.157063,[[0.15909457]]
1574823705.1064281,[[0.3933173]]
1574823707.2617266,[[0.62576485]]
1574823709.2620757,[[0.6456831]]
1574823711.2124407,[[0.6713524]]
1574823713.2577753,[[0.09484478]]
1574823715.353093,[[0.20337527]]
1574823717.3564408,[[0.33552188]]
1574823719.4087727,[[0.20931518]]
1574823721.4091215,[[0.0357677]]
1574823723.4064717,[[0.31458125]]
1574823725.4008226,[[0.73836815]]
1574823727.5591197,[[0.39994144]]
1574823729.5584688,[[0.0835038]]
1574823731.5668154,[[0.6259471]]
1574823733.6121495,[[0.87759906]]
1574823735.6035013,[[0.19596119]]
1574823737.8077836,[[0.7657389]]
1574823739.757149,[[0.12755299]]
1574823742.8061566,[[0.36295852]]
1574823744.8534904,[[0.05680811]]
1574823746.8598373,[[0.6574009]]
1574823748.8581865,[[0.16512519]]
1574823750.8605347,[[0.33037776]]
1574823753.0018377,[[0.4424545]]
1574823755.0581686,[[0.44717306]]
1574823757.0085335,[[0.34876943]]
1574823759.0578663,[[0.08720051]]
1574823761.010231,[[0.01772627]]
1574823763.1535332,[[0.03610523]]
1574823765.255849,[[0.06978711]]
1574823767.1602292,[[0.13659513]]
1574823769.3115287,[[0.03981626]]
1574823771.2638938,[[0.3119978]]
1574823773.304229,[[0.08188203]]
1574823775.4035456,[[0.38686407]]
1574823777.352911,[[0.57619894]]
1574823779.3632567,[[0.47289667]]
1574823781.4675717,[[0.403635]]
1574823783.552893,[[0.8122604]]
1574823785.6032257,[[0.409336]]
1574823787.5505915,[[0.40044942]]
1574823789.5539393,[[0.72540563]]
1574823791.6062715,[[0.5936217]]
1574823793.6556048,[[0.7217411]]
1574823795.7499223,[[0.11876776]]
1574823797.7082849,[[0.08926787]]
1574823799.754619,[[0.6748496]]
1574823801.7599661,[[0.12126483]]
1574823803.9602504,[[0.04546119]]
1574823805.9536014,[[0.31097186]]
1574823807.8989677,[[0.44268158]]
1574823809.902316,[[0.23310713]]
1574823811.8996656,[[0.21897067]]
1574823814.1059475,[[0.5524469]]
1574823816.1062963,[[0.6374573]]
1574823818.0596602,[[0.37772775]]
1574823820.1019955,[[0.27187195]]
1574823822.0503614,[[0.19056144]]
1574823824.2576435,[[0.5985301]]
1574823826.210007,[[0.02852361]]
1574823828.258341,[[0.8276292]]
1574823830.2077062,[[0.7674028]]
1574823832.300025,[[0.6903338]]
1574823834.3543563,[[0.322797]]
1574823836.407688,[[0.4974524]]
1574823838.4150348,[[0.5401486]]
1574823840.5053544,[[0.44751588]]
1574823842.4137325,[[0.0375003]]
1574823844.60402,[[0.16015351]]
1574823846.6083672,[[0.41285592]]
1574823848.613715,[[0.704337]]
1574823850.6030672,[[0.09256163]]
1574823852.610414,[[0.12425682]]
1574823854.7077312,[[0.09000694]]
1574823856.704081,[[0.13153732]]
1574823858.707429,[[0.5692017]]
1574823860.8167424,[[0.28565484]]
1574823862.808094,[[0.01372743]]
1574823864.9533956,[[0.05700801]]
1574823866.926753,[[0.01303538]]
1574823868.9021106,[[0.09538204]]
1574823872.0001018,[[0.09435349]]
1574823874.1034174,[[0.02474468]]
1574823876.0567818,[[0.04654355]]
1574823878.0541313,[[0.14048843]]
1574823880.156447,[[0.41327304]]
1574823882.2517648,[[0.84229046]]
1574823884.2521133,[[0.02197506]]
1574823886.1534948,[[0.04822417]]
1574823888.207826,[[0.02031064]]
1574823890.3081427,[[0.01524591]]
1574823892.3114903,[[0.06077314]]
1574823894.4467955,[[0.0155784]]
1574823896.4001598,[[0.01288427]]
1574823898.3995085,[[0.01420052]]
1574823900.5528073,[[0.05232688]]
1574823902.594143,[[0.12369969]]
1574823904.60049,[[0.09321371]]
1574823906.5518548,[[0.11340828]]
1574823908.6041865,[[0.10848599]]
1574823910.7065027,[[0.04478641]]
1574823912.7578347,[[0.05103188]]
1574823914.7471871,[[0.04862831]]
1574823916.6995516,[[0.08250827]]
1574823918.7528834,[[0.02979957]]
1574823920.8531997,[[0.03332698]]
1574823922.9045317,[[0.07537825]]
1574823924.9088793,[[0.43447182]]
1574823926.8992329,[[0.23003663]]
1574823928.9565618,[[0.19877976]]
1574823931.0578778,[[0.24854292]]
1574823933.051229,[[0.29802647]]
1574823935.1565437,[[0.8642903]]
1574823937.108908,[[0.89928097]]
1574823939.0542748,[[0.06082095]]
1574823941.1975775,[[0.04558541]]
1574823943.2009249,[[0.01792293]]
1574823945.257256,[[0.04647696]]
1574823947.2076206,[[0.13723144]]
1574823949.2649508,[[0.6186096]]
1574823951.3992562,[[0.04189925]]
1574823953.399605,[[0.04387166]]
1574823955.4149494,[[0.13883328]]
1574823957.4073007,[[0.02159832]]
1574823959.455634,[[0.05045737]]
1574823961.5999358,[[0.02936877]]
1574823963.4983175,[[0.03139244]]
1574823965.5986342,[[0.04977459]]
1574823967.5529983,[[0.38276377]]
1574823969.6063304,[[0.16900557]]
1574823971.8006158,[[0.02319195]]
1574823973.7989645,[[0.08082603]]
1574823975.752329,[[0.94683695]]
1574823977.7516782,[[0.9853161]]
1574823979.8489954,[[0.32777876]]
1574823981.906326,[[0.7659057]]
1574823983.948661,[[0.34610265]]
1574823985.94901,[[0.8511928]]
1574823987.9003744,[[0.4918428]]
1574823989.950707,[[0.29488504]]
1574823992.0560222,[[0.00857644]]
1574823994.0973573,[[0.01516216]]
1574823996.095707,[[0.00649349]]
1574823998.095056,[[0.08013517]]
1574824000.1054015,[[0.08862694]]
1574824002.251703,[[0.01936299]]
1574824004.2580502,[[0.22078194]]
1574824006.2534003,[[0.02410529]]
1574824008.2967353,[[0.07871401]]
1574824010.3020825,[[0.7455868]]
1574824012.359413,[[0.12751433]]
1574824014.4057467,[[0.16948502]]
1574824016.4560792,[[0.07847761]]
1574824019.553071,[[0.01271377]]
1574824021.5004375,[[0.9102244]]
1574824023.5477712,[[0.70242333]]
1574824025.5541177,[[0.82238746]]
1574824027.7054174,[[0.98366255]]
1574824029.7567499,[[0.95895517]]
1574824031.7081144,[[0.9678147]]
1574824033.7514493,[[0.9619466]]
1574824035.8467672,[[0.98915637]]
1574824037.8531146,[[0.9875189]]
1574824039.8534627,[[0.9783692]]
1574824041.954779,[[0.972741]]
1574824043.902145,[[0.9683801]]
1574824045.94548,[[0.9754136]]
1574824047.997812,[[0.2019837]]
1574824050.0511436,[[0.55911744]]
1574824052.000509,[[0.3841379]]
1574824054.1008255,[[0.8505932]]
1574824056.0561893,[[0.9576207]]
1574824058.1485074,[[0.9229686]]
1574824060.2448254,[[0.81867945]]
1574824062.1971896,[[0.42332226]]
1574824064.2995055,[[0.8587978]]
1574824066.2558687,[[0.24972594]]
1574824068.350187,[[0.9123766]]
1574824070.3995197,[[0.95214427]]
1574824072.4498525,[[0.772757]]
1574824074.4012172,[[0.8215517]]
1574824076.3995667,[[0.9371035]]
1574824078.5958514,[[0.9718714]]
1574824080.595201,[[0.13114934]]
1574824082.542567,[[0.9565605]]
1574824084.5439155,[[0.9465879]]
1574824086.5982468,[[0.96167225]]
1574824088.657576,[[0.89986366]]
1574824090.7438974,[[0.9134599]]
1574824092.797229,[[0.83827263]]
1574824094.753592,[[0.91861033]]
1574824096.7959275,[[0.7390559]]
1574824098.84726,[[0.84690875]]
1574824100.9525743,[[0.87578535]]
1574824102.9439266,[[0.85776126]]
1574824104.8982902,[[0.88442916]]
1574824107.0455914,[[0.96064097]]
1574824109.153905,[[0.97875744]]
1574824111.053287,[[0.97533786]]
1574824113.1466055,[[0.3712595]]
1574824115.1979375,[[0.86373097]]
1574824117.0963192,[[0.9398856]]
1574824119.2496178,[[0.7810371]]
1574824121.263963,[[0.46906802]]
1574824123.2553144,[[0.9525533]]
1574824125.2556634,[[0.97577274]]
1574824127.3479822,[[0.97019917]]
1574824129.3463318,[[0.9373865]]
1574824131.4486473,[[0.93046623]]
1574824133.49898,[[0.9346064]]
1574824135.5013282,[[0.9700549]]
1574824137.4936795,[[0.97335994]]
1574824139.5460117,[[0.96336603]]
1574824141.5983436,[[0.97210354]]
1574824143.6986597,[[0.91886634]]
1574824145.612037,[[0.9261801]]
1574824147.602389,[[0.24149612]]
1574824149.7386937,[[0.9656077]]
1574824151.8440082,[[0.9036589]]
1574824153.7973723,[[0.575402]]
1574824155.7977214,[[0.71683854]]
1574824157.9000373,[[0.95489705]]
1574824159.893388,[[0.9134958]]
1574824162.8324313,[[0.93470925]]
1574824163.9530666,[[0.8233219]]
1574824166.9930775,[[0.9340461]]
1574824169.0983922,[[0.8414355]]
1574824171.0947418,[[0.9601729]]
1574824173.1160839,[[0.7443974]]
1574824175.1994061,[[0.92660654]]
1574824177.2907252,[[0.6628667]]
1574824179.24109,[[0.81830204]]
1574824181.243439,[[0.5870813]]
1574824183.244787,[[0.9702416]]
1574824185.3551,[[0.77336884]]
1574824187.35345,[[0.7288049]]
1574824189.3907864,[[0.91716355]]
1574824191.3941343,[[0.8662075]]
1574824193.4444673,[[0.9645821]]
1574824195.5487819,[[0.87024295]]
1574824197.6001139,[[0.96526414]]
1574824199.590466,[[0.92426]]
1574824201.5938141,[[0.90507394]]
1574824203.6471455,[[0.97122765]]
1574824205.744463,[[0.91525275]]
1574824207.6958277,[[0.9607343]]
1574824209.793145,[[0.8087279]]
1574824211.737512,[[0.9632261]]
1574824213.8448262,[[0.98520106]]
1574824215.89116,[[0.9498586]]
1574824217.9484909,[[0.98176163]]
1574824219.9468398,[[0.8713704]]
1574824221.9391913,[[0.9602415]]
1574824223.9405398,[[0.8753348]]
1574824226.0908399,[[0.86833334]]
1574824228.0482025,[[0.95477706]]
1574824230.1495185,[[0.90155137]]
1574824232.101883,[[0.9814981]]
1574824234.0882368,[[0.9486832]]
1574824236.3844895,[[0.83865476]]
1574824238.2458832,[[0.17818375]]
1574824240.2522304,[[0.9399731]]
1574824242.3505473,[[0.77245075]]
1574824244.3029115,[[0.80259955]]
1574824246.4392161,[[0.7936017]]
1574824248.3915806,[[0.68058294]]
1574824250.3929293,[[0.9103437]]
1574824252.4942453,[[0.73330814]]
1574824254.4496086,[[0.9449574]]
1574824256.5389287,[[0.904295]]
1574824258.644243,[[0.9017229]]
1574824260.644592,[[0.9730253]]
1574824262.5969567,[[0.82960534]]
1574824264.6442902,[[0.8285933]]
1574824266.742607,[[0.91506535]]
1574824268.788941,[[0.71340054]]
1574824270.8392735,[[0.88618916]]
1574824272.7906384,[[0.3796788]]
1574824274.8949535,[[0.91669077]]
1574824276.9502842,[[0.96184874]]
1574824278.8886533,[[0.9505001]]
1574824280.944984,[[0.9815011]]
1574824282.9913177,[[0.9758537]]
1574824284.990667,[[0.98900783]]
1574824287.1979482,[[0.9780346]]
1574824289.1393166,[[0.96358734]]
1574824291.0876825,[[0.98137444]]
1574824293.1420138,[[0.9875661]]
1574824296.189022,[[0.98473394]]
1574824298.1913705,[[0.97305185]]
1574824300.2407026,[[0.9652233]]
1574824302.3440182,[[0.9851032]]
1574824304.347366,[[0.9719495]]
1574824306.4026968,[[0.10750858]]
1574824308.4380348,[[0.2220389]]
1574824310.391399,[[0.5861137]]
1574824312.5027113,[[0.36958927]]
1574824314.5430472,[[0.4010765]]
1574824316.550394,[[0.5022783]]
1574824318.5907297,[[0.47375995]]
1574824320.639063,[[0.74744487]]
1574824322.6913948,[[0.5573783]]
1574824324.6937428,[[0.23327614]]
1574824326.771067,[[0.22053145]]
1574824328.799407,[[0.16513419]]
1574824330.7897587,[[0.2792536]]
1574824332.8440902,[[0.07239709]]
1574824334.850437,[[0.05464565]]
1574824336.8947718,[[0.5136377]]
1574824338.9431045,[[0.05505383]]
1574824340.8994677,[[0.12393765]]
1574824343.0887551,[[0.24616462]]
1574824345.093103,[[0.60010666]]
1574824347.1424363,[[0.311095]]
1574824349.0888023,[[0.09051299]]
1574824351.0931497,[[0.7110708]]
1574824353.187468,[[0.13360459]]
1574824355.2907832,[[0.37043262]]
1574824357.2911322,[[0.07772159]]
1574824359.3444636,[[0.42647153]]
1574824361.2938294,[[0.09018686]]
1574824363.3911464,[[0.35963446]]
1574824365.3874967,[[0.7066057]]
1574824367.4398286,[[0.5783415]]
1574824369.4401774,[[0.5495382]]
1574824371.4915094,[[0.25119537]]
1574824373.5978243,[[0.28236622]]
1574824375.6391592,[[0.21643642]]
1574824377.5885248,[[0.02928338]]
1574824379.6948397,[[0.24337797]]
1574824381.7101834,[[0.37703678]]
1574824383.7445211,[[0.27946326]]
1574824385.7838573,[[0.11408307]]
1574824387.7862055,[[0.2750635]]
1574824389.8405368,[[0.8837901]]
1574824391.7459164,[[0.38739258]]
1574824393.9462006,[[0.50679386]]
1574824395.9485486,[[0.5815736]]
1574824397.8989136,[[0.40480134]]
1574824399.8902657,[[0.26241064]]
1574824401.9385989,[[0.681073]]
1574824404.093897,[[0.96149826]]
1574824406.0962453,[[0.24979283]]
1574824408.1475775,[[0.03911774]]
1574824410.1849144,[[0.5635476]]
1574824412.1452768,[[0.11198988]]
1574824414.2405941,[[0.32320222]]
1574824416.3419106,[[0.27180195]]
1574824418.2922752,[[0.01845513]]
1574824420.293624,[[0.6784989]]
1574824422.286975,[[0.06335668]]
1574824424.4382749,[[0.27470598]]
1574824426.440623,[[0.12692945]]
1574824428.4969535,[[0.34121165]]
1574824430.5422878,[[0.10501397]]
1574824432.485655,[[0.45063707]]
1574824434.5879707,[[0.43616223]]
1574824436.682289,[[0.6522307]]
1574824438.6536474,[[0.4462207]]
1574824440.7429674,[[0.32175708]]
1574824443.7899754,[[0.3247677]]
1574824445.7373414,[[0.0421632]]
1574824447.793672,[[0.33066383]]
1574824449.8320086,[[0.6801321]]
1574824451.9373233,[[0.703023]]
1574824453.899685,[[0.27801675]]
1574824455.8950355,[[0.6133645]]
1574824457.9953523,[[0.65205574]]
1574824460.036687,[[0.4599414]]
1574824462.0900187,[[0.6822599]]
1574824464.0863688,[[0.55113184]]
1574824466.0917158,[[0.7146851]]
1574824468.1460469,[[0.21515372]]
1574824470.2473629,[[0.13447781]]
1574824472.2866995,[[0.3767123]]
1574824474.235065,[[0.6750764]]
1574824476.2404125,[[0.1594525]]
1574824478.2877462,[[0.14172572]]
1574824480.4440444,[[0.16977909]]
1574824482.3464246,[[0.10772986]]
1574824484.486728,[[0.13460946]]
1574824486.436093,[[0.11900388]]
1574824488.492424,[[0.06530262]]
1574824490.5907414,[[0.23645668]]
1574824492.593089,[[0.22327213]]
1574824494.58644,[[0.06859805]]
1574824496.684757,[[0.03651462]]
1574824498.6361222,[[0.23295254]]
1574824500.7394373,[[0.19194606]]
1574824502.7507827,[[0.05324188]]
1574824504.7951174,[[0.15871447]]
1574824506.7824705,[[0.16037795]]
1574824508.7888174,[[0.6070143]]
1574824510.8861346,[[0.50570834]]
1574824512.940466,[[0.46366385]]
1574824514.9907982,[[0.55888397]]
1574824516.9831498,[[0.38245472]]
1574824518.9315162,[[0.512901]]
1574824521.1367981,[[0.5349639]]
1574824523.1371467,[[0.6119502]]
1574824525.139495,[[0.54681474]]
1574824527.1408436,[[0.5779559]]
1574824529.1321952,[[0.90043324]]
1574824531.2385097,[[0.82469696]]
1574824533.2858431,[[0.8928968]]
1574824535.3411741,[[0.92203313]]
1574824537.387508,[[0.44877815]]
1574824539.2908885,[[0.78869975]]
1574824541.4821749,[[0.33343744]]
1574824543.3865554,[[0.17652236]]
1574824545.4888709,[[0.08223808]]
1574824547.5422025,[[0.47883603]]
1574824549.4865694,[[0.17707293]]
1574824551.6348703,[[0.8110913]]
1574824553.590234,[[0.7460779]]
1574824555.6355684,[[0.59072214]]
1574824557.6888998,[[0.3888642]]
1574824559.6892483,[[0.28925857]]
1574824561.7805676,[[0.5381906]]
1574824563.7819161,[[0.92340374]]
1574824565.7852645,[[0.17078026]]
1574824567.8345969,[[0.9270139]]
1574824569.836945,[[0.6422964]]
1574824571.8922763,[[0.67697144]]
1574824573.981596,[[0.02088137]]
1574824575.980945,[[0.83615243]]
1574824577.9832933,[[0.92017823]]
1574824580.0876086,[[0.66539234]]
1574824582.1879244,[[0.94101566]]
1574824584.1382902,[[0.8919983]]
1574824586.13464,[[0.7118026]]
1574824588.13199,[[0.07810851]]
1574824591.2859633,[[0.9645295]]
1574824593.23233,[[0.12542835]]
1574824595.3366446,[[0.9056391]]
1574824597.3859775,[[0.7844184]]
1574824599.4403098,[[0.83811253]]
1574824601.3886745,[[0.55754745]]
1574824603.3820257,[[0.8251894]]
1574824605.4313586,[[0.9467968]]
1574824607.583658,[[0.9510972]]
1574824609.5910046,[[0.8832953]]
1574824611.5883543,[[0.94614065]]
1574824613.5907025,[[0.7662401]]
1574824615.5790553,[[0.8845204]]
1574824617.7353537,[[0.91688627]]
1574824619.7866857,[[0.94301075]]
1574824621.7420492,[[0.96086395]]
1574824623.7373998,[[0.8987631]]
1574824625.779735,[[0.9069087]]
1574824627.933034,[[0.8298756]]
1574824629.937382,[[0.88622296]]
1574824631.9367309,[[0.9003113]]
1574824633.9370797,[[0.21767884]]
1574824635.9364285,[[0.89794993]]
1574824638.1347132,[[0.850282]]
1574824640.0360944,[[0.6597452]]
1574824642.087427,[[0.52959675]]
1574824644.1347601,[[0.39259556]]
1574824646.138108,[[0.4113032]]
1574824648.1794434,[[0.53709793]]
1574824650.2387733,[[0.7251244]]
1574824652.2321243,[[0.60085994]]
1574824654.3354397,[[0.83926225]]
1574824656.3367882,[[0.876777]]
1574824658.4301069,[[0.9073559]]
1574824660.4294558,[[0.78532267]]
1574824662.4847872,[[0.52560616]]
1574824664.4871354,[[0.64271766]]
1574824666.4884837,[[0.8821979]]
1574824668.5408154,[[0.6816455]]
1574824670.5921478,[[0.6421324]]
1574824672.579501,[[0.8403508]]
1574824674.6358314,[[0.15114728]]
1574824676.681166,[[0.93814236]]
1574824678.7364964,[[0.8888069]]
1574824680.7888281,[[0.66042423]]
1574824682.831164,[[0.7168892]]
1574824684.8335123,[[0.86621374]]
1574824686.8838446,[[0.879243]]
1574824688.932178,[[0.8795873]]
1574824690.9405243,[[0.9178026]]
1574824692.9378738,[[0.42971]]
1574824695.032192,[[0.90619004]]
1574824696.9805582,[[0.52331686]]
1574824699.0828736,[[0.69890726]]
1574824701.137205,[[0.6787663]]
1574824703.1905365,[[0.65298426]]
1574824705.130905,[[0.9454139]]
1574824707.2372193,[[0.95323837]]
1574824709.2335694,[[0.831051]]
1574824711.3348854,[[0.8952584]]
1574824713.3902164,[[0.84854144]]
1574824715.3765695,[[0.69714457]]
1574824717.378918,[[0.71999043]]
1574824720.477909,[[0.92237127]]
1574824722.4762588,[[0.9584336]]
1574824724.5315897,[[0.8793177]]
1574824726.535937,[[0.861552]]
1574824728.5842705,[[0.8569731]]
1574824730.6366024,[[0.6347897]]
1574824732.6379507,[[0.94216526]]
1574824734.6892831,[[0.9353987]]
1574824736.7376163,[[0.9120384]]
1574824738.7319672,[[0.8384042]]
1574824740.7343156,[[0.68658715]]
1574824742.7886467,[[0.86951214]]
1574824744.878966,[[0.6216936]]
1574824746.8813143,[[0.56651604]]
1574824748.9296477,[[0.7841665]]
1574824750.8850112,[[0.60008514]]
1574824752.936344,[[0.6141164]]
1574824755.0776465,[[0.8106964]]
1574824757.0769958,[[0.85571086]]
1574824759.1293278,[[0.9646301]]
1574824761.133675,[[0.9671203]]
1574824763.1420214,[[0.642242]]
1574824765.2363398,[[0.47070643]]
1574824767.330658,[[0.8957717]]
1574824769.2270405,[[0.95166165]]
1574824771.2813716,[[0.9038152]]
1574824773.2837203,[[0.23140316]]
1574824775.382037,[[0.08071299]]
1574824777.384385,[[0.10260237]]
1574824779.4767046,[[0.31810075]]
1574824781.4290686,[[0.37024578]]
1574824783.4814005,[[0.3721933]]
1574824785.6317005,[[0.13919987]]
1574824787.5820656,[[0.12451573]]
1574824789.5874128,[[0.7154829]]
1574824791.6317472,[[0.6528298]]
1574824793.6810806,[[0.73197705]]
1574824795.783396,[[0.8310767]]
1574824797.7287626,[[0.83902854]]
1574824799.741108,[[0.06443601]]
1574824801.8304274,[[0.74532413]]
1574824803.8287773,[[0.09243583]]
1574824805.8791099,[[0.93170357]]
1574824807.933441,[[0.14993498]]
1574824809.981774,[[0.02479564]]
1574824811.9371395,[[0.57631797]]
1574824813.9794726,[[0.82704896]]
1574824816.081789,[[0.44922468]]
1574824818.0801382,[[0.97107273]]
1574824820.0874848,[[0.9622836]]
1574824822.1348183,[[0.94483745]]
1574824824.1781533,[[0.7229152]]
1574824826.2274864,[[0.91440064]]
1574824828.2808177,[[0.6794246]]
1574824830.335149,[[0.8800603]]
1574824832.331499,[[0.8377686]]
1574824834.3348475,[[0.81481004]]
1574824836.5261335,[[0.12943226]]
1574824838.4325135,[[0.867525]]
1574824840.5298305,[[0.27199206]]
1574824842.4332108,[[0.91156477]]
1574824844.5855103,[[0.9300088]]
1574824846.6278455,[[0.95521086]]
1574824848.630194,[[0.9340314]]
1574824850.6275432,[[0.8951776]]
1574824852.6828744,[[0.844176]]
1574824854.7322073,[[0.90206873]]
1574824856.7855392,[[0.72395533]]
1574824858.776891,[[0.70318776]]
1574824860.8762076,[[0.09209096]]
1574824862.8305712,[[0.00876777]]
1574824864.8829029,[[0.82525176]]
1574824867.8879251,[[0.3488841]]
1574824869.9842427,[[0.4839008]]
1574824872.0305765,[[0.674802]]
1574824874.0769105,[[0.43285275]]
1574824876.1262434,[[0.68447]]
1574824878.1775756,[[0.4244456]]
1574824880.1769247,[[0.8717779]]
1574824882.1812723,[[0.42149615]]
1574824884.2855873,[[0.3885379]]
1574824886.2399511,[[0.39020663]]
1574824888.2802868,[[0.8027751]]
1574824890.2236545,[[0.8042047]]
1574824892.377953,[[0.8810101]]
1574824894.3833,[[0.91163635]]
1574824896.4746194,[[0.7616676]]
1574824898.4269836,[[0.9122705]]
1574824900.4743176,[[0.34076798]]
1574824902.531648,[[0.868604]]
1574824904.6329637,[[0.8679737]]
1574824906.684296,[[0.81208366]]
1574824908.634661,[[0.71960914]]
1574824910.6759968,[[0.9331477]]
1574824912.7783124,[[0.57655954]]
1574824914.730677,[[0.9414997]]
1574824916.7780104,[[0.04931737]]
1574824918.7803586,[[0.91308457]]
1574824920.8746765,[[0.8731603]]
1574824922.9779923,[[0.9208246]]
1574824924.9263582,[[0.8579513]]
1574824926.9766905,[[0.8167296]]
1574824928.978039,[[0.8564153]]
1574824931.0303712,[[0.89980555]]
1574824933.0737062,[[0.87129897]]
1574824935.1260378,[[0.04083258]]
1574824937.1783698,[[0.957881]]
1574824939.177719,[[0.96480477]]
1574824941.128084,[[0.09002156]]
1574824943.2753851,[[0.6727514]]
1574824945.2717352,[[0.95322925]]
1574824947.2890785,[[0.96142334]]
1574824949.3813977,[[0.13817602]]
1574824951.330763,[[0.9222855]]
1574824953.4730654,[[0.43675306]]
1574824955.5243979,[[0.7287689]]
1574824957.4737632,[[0.5154798]]
1574824959.530094,[[0.88184327]]
1574824961.4834578,[[0.64312977]]
1574824963.5877728,[[0.9095521]]
1574824965.622111,[[0.2958307]]
1574824967.6264584,[[0.89061147]]
1574824969.676791,[[0.52546316]]
1574824971.7311227,[[0.9062887]]
1574824973.780455,[[0.9386549]]
1574824975.85478,[[0.90551543]]
1574824977.7751553,[[0.8031871]]
1574824979.7755036,[[0.9164421]]
1574824981.87582,[[0.81956923]]
1574824983.9271522,[[0.70132846]]
1574824985.9324994,[[0.88893616]]
1574824987.9808328,[[0.45001072]]
1574824989.970185,[[0.40910843]]
1574824991.9725335,[[0.22367911]]
1574824994.1778154,[[0.731952]]
1574824996.0821958,[[0.42205423]]
1574824998.180513,[[0.33186004]]
1574825000.172864,[[0.35548678]]
1574825002.27618,[[0.26585335]]
1574825004.2725296,[[0.6151622]]
1574825006.2788768,[[0.8279776]]
1574825008.3302085,[[0.8598411]]
1574825010.418529,[[0.76180327]]
1574825012.4258757,[[0.5409748]]
1574825015.4798815,[[0.88167506]]
1574825017.4352448,[[0.23915014]]
1574825019.5235655,[[0.86912566]]
1574825021.6248815,[[0.33322406]]
1574825023.5302613,[[0.3987113]]
1574825025.6295774,[[0.24240482]]
1574825027.6309261,[[0.4373933]]
1574825029.7722292,[[0.6369105]]
1574825031.7745776,[[0.4212431]]
1574825033.7769258,[[0.2087357]]
1574825035.7732759,[[0.33550346]]
1574825037.8256075,[[0.5959377]]
1574825039.869942,[[0.7451851]]
1574825041.9762564,[[0.22827119]]
1574825043.9266217,[[0.20126426]]
1574825045.9769542,[[0.6960457]]
1574825048.030286,[[0.7808601]]
1574825050.0356328,[[0.872876]]
1574825052.1229534,[[0.8825389]]
1574825054.1243021,[[0.3425504]]
1574825056.123651,[[0.19528913]]
1574825058.2249672,[[0.04937128]]
1574825060.318286,[[0.8447341]]
1574825062.2696507,[[0.27010903]]
1574825064.3219826,[[0.07925668]]
1574825066.2723477,[[0.33212417]]
1574825068.3266792,[[0.06421635]]
1574825070.4339929,[[0.41854897]]
1574825072.44034,[[0.41278362]]
1574825074.5236616,[[0.726433]]
1574825076.5220113,[[0.40587863]]
1574825078.4723763,[[0.25958934]]
1574825080.5766912,[[0.7135687]]
1574825082.6770077,[[0.7904558]]
1574825084.626373,[[0.11036345]]
1574825086.7226908,[[0.16028708]]
1574825088.724039,[[0.2076041]]
1574825090.7813697,[[0.36358237]]
1574825092.7827182,[[0.7236006]]
1574825094.7890646,[[0.26673672]]
1574825096.8194044,[[0.6317625]]
1574825098.8707364,[[0.68231636]]
1574825100.9720523,[[0.8898649]]
1574825102.9764,[[0.8675435]]
1574825105.0257335,[[0.42125097]]
1574825106.9770977,[[0.16778913]]
1574825109.0174334,[[0.35170344]]
1574825111.1207488,[[0.6737758]]
1574825113.1770792,[[0.7882547]]
1574825115.122446,[[0.89942497]]
1574825117.2257617,[[0.5119135]]
1574825119.1761267,[[0.8727226]]
1574825121.2724447,[[0.68126917]]
1574825123.273793,[[0.83573484]]
1574825125.37211,[[0.85447294]]
1574825127.3724587,[[0.67440444]]
1574825129.3778057,[[0.6862121]]
1574825131.473124,[[0.7020891]]
1574825133.4714735,[[0.26585126]]
1574825135.5198066,[[0.29521838]]
1574825137.4771695,[[0.10039154]]
1574825139.5295014,[[0.19708405]]
1574825141.6188211,[[0.3113203]]
1574825144.57186,[[0.26957703]]
1574825146.7701442,[[0.37840882]]
1574825148.8214767,[[0.5752592]]
1574825150.724857,[[0.88233227]]
1574825152.8741574,[[0.70858735]]
1574825154.7725394,[[0.82505083]]
1574825156.9258382,[[0.13756624]]
1574825158.9201894,[[0.40732273]]
1574825160.918539,[[0.04707824]]
1574825162.9768689,[[0.56868666]]
1574825164.975218,[[0.82864684]]
1574825167.1255183,[[0.7551603]]
1574825169.031898,[[0.5837744]]
1574825171.0732331,[[0.88166857]]
1574825173.222534,[[0.896166]]
1574825175.1738987,[[0.39923894]]
1574825177.221232,[[0.38670167]]
1574825179.2745636,[[0.54774016]]
1574825181.267915,[[0.8135675]]
1574825183.3172476,[[0.5180873]]
1574825185.2696123,[[0.18362449]]
1574825187.373927,[[0.14824216]]
1574825189.475243,[[0.04610999]]
1574825191.515579,[[0.02068087]]
1574825193.465944,[[0.5868297]]
1574825195.521275,[[0.39377138]]
1574825197.5166256,[[0.17309926]]
1574825199.5709567,[[0.05710926]]
1574825201.6762717,[[0.19319215]]
1574825203.6266367,[[0.21231875]]
1574825205.6169887,[[0.03630856]]
1574825207.7702882,[[0.04695645]]
1574825209.8726037,[[0.01378824]]
1574825211.7989764,[[0.0226652]]
1574825213.8233175,[[0.04069461]]
1574825215.8316638,[[0.07210019]]
1574825217.9209836,[[0.03962032]]
1574825219.9693174,[[0.07919152]]
1574825221.9206815,[[0.0194115]]
1574825223.975013,[[0.04438725]]
1574825225.9763615,[[0.0484733]]
1574825228.0736787,[[0.00793822]]
1574825230.0690293,[[0.06754243]]
1574825232.1223605,[[0.10087748]]
1574825234.1696944,[[0.2933089]]
1574825236.2240255,[[0.6471907]]
1574825238.2283733,[[0.0638369]]
1574825240.3176932,[[0.08660628]]
1574825242.3200412,[[0.21957748]]
1574825244.3723733,[[0.04130096]]
1574825246.324738,[[0.5060323]]
1574825248.4230547,[[0.31860033]]
1574825250.4174054,[[0.3215435]]
1574825252.4697373,[[0.12088154]]
1574825254.5240686,[[0.76899683]]
1574825256.4734342,[[0.3754977]]
1574825258.5707514,[[0.6543472]]
1574825260.6640706,[[0.11463121]]
1574825262.6204333,[[0.12857597]]
1574825264.668767,[[0.05982415]]
1574825266.667116,[[0.34821978]]
1574825268.7724307,[[0.13109244]]
1574825270.8227632,[[0.5103287]]
1574825272.8111165,[[0.13141423]]
1574825274.8184624,[[0.07543455]]
1574825276.8218107,[[0.06456849]]
1574825278.9701111,[[0.0342132]]
1574825280.974459,[[0.05363542]]
1574825282.983805,[[0.09591708]]
1574825284.96416,[[0.15664108]]
1574825287.0194914,[[0.07579291]]
1574825289.1717908,[[0.07014863]]
1574825292.116832,[[0.0641195]]
1574825294.219148,[[0.15074867]]
1574825296.2234952,[[0.04110528]]
1574825298.2208447,[[0.03266284]]
1574825300.2711778,[[0.2802741]]
1574825302.2625299,[[0.4318936]]
1574825304.3698432,[[0.2708202]]
1574825306.3671935,[[0.6044621]]
1574825308.4705086,[[0.03186642]]
1574825310.421873,[[0.23749149]]
1574825312.4312193,[[0.5930415]]
1574825314.5705225,[[0.02314709]]
1574825316.5678728,[[0.62048334]]
1574825318.7591593,[[0.27217808]]
1574825320.6265514,[[0.43427765]]
1574825322.716871,[[0.2505552]]
1574825324.7172198,[[0.25837862]]
1574825326.7155693,[[0.00622122]]
1574825328.7699006,[[0.03037802]]
1574825330.7702494,[[0.05945344]]
1574825332.8295794,[[0.13425526]]
1574825334.9628851,[[0.06745984]]
1574825336.9652328,[[0.04185189]]
1574825339.0205636,[[0.1636037]]
1574825341.019913,[[0.04219816]]
1574825343.0682464,[[0.10205504]]
1574825345.074593,[[0.0368969]]
1574825347.1129298,[[0.12578957]]
1574825349.1172771,[[0.5708876]]
1574825351.1656108,[[0.02320983]]
1574825353.1699579,[[0.15086158]]
1574825355.323257,[[0.44978535]]
1574825357.2656248,[[0.05582303]]
1574825359.2609754,[[0.23500313]]
1574825361.2633233,[[0.29375735]]
1574825363.3676386,[[0.15748811]]
1574825365.472953,[[0.16442624]]
1574825367.427317,[[0.602356]]
1574825369.4666529,[[0.35745758]]
1574825371.4670022,[[0.24821366]]
1574825373.5203335,[[0.21564391]]
1574825375.5676672,[[0.18331297]]
1574825377.6249976,[[0.13247153]]
1574825379.6223474,[[0.29127407]]
1574825381.6116998,[[0.09722602]]
1574825383.6640317,[[0.21258509]]
1574825385.7663472,[[0.04071451]]
1574825387.7646968,[[0.93361956]]
1574825389.822027,[[0.96080637]]
1574825391.819377,[[0.9640867]]
1574825393.8647113,[[0.9554437]]
1574825395.914044,[[0.97901]]
1574825398.021358,[[0.9599037]]
1574825400.019708,[[0.96868914]]
1574825401.9740717,[[0.9654322]]
1574825404.0633912,[[0.32204422]]
1574825406.162708,[[0.75400424]]
1574825408.1660562,[[0.2824475]]
1574825410.1764014,[[0.8828621]]
1574825412.2187366,[[0.41426992]]
1574825414.218086,[[0.7038437]]
1574825416.2674186,[[0.06963079]]
1574825418.3667355,[[0.06916564]]
1574825420.3200996,[[0.2527106]]
1574825422.3674333,[[0.2758574]]
1574825424.4217644,[[0.2557029]]
1574825426.515083,[[0.7244963]]
1574825428.5134325,[[0.3462342]]
1574825430.5677638,[[0.3077648]]
1574825432.5711117,[[0.92838955]]
1574825434.5704606,[[0.14908734]]
1574825436.6607804,[[0.16571085]]
1574825439.7197847,[[0.1291238]]
1574825441.721133,[[0.9685795]]
1574825443.7114851,[[0.12504382]]
1574825445.8138041,[[0.3177633]]
1574825447.817149,[[0.48408297]]
1574825449.8154986,[[0.8523886]]
1574825451.9697971,[[0.816709]]
1574825453.912165,[[0.5441815]]
1574825456.0134807,[[0.8790525]]
1574825457.9128625,[[0.8428468]]
1574825460.0171776,[[0.85484225]]
1574825462.070509,[[0.19120762]]
1574825464.1718254,[[0.92905897]]
1574825466.114193,[[0.6376327]]
1574825468.1595275,[[0.52754587]]
1574825470.1648746,[[0.7282901]]
1574825472.2691896,[[0.77999926]]
1574825474.2685387,[[0.496613]]
1574825476.3118734,[[0.8207841]]
1574825478.2642379,[[0.69906855]]
1574825480.2685857,[[0.01879035]]
1574825482.413887,[[0.703719]]
1574825484.4652193,[[0.41778535]]
1574825486.4715664,[[0.7634788]]
1574825488.4609187,[[0.5012068]]
1574825490.5082521,[[0.2111061]]
1574825492.6105683,[[0.814099]]
1574825494.613916,[[0.57726264]]
1574825496.665248,[[0.5273855]]
1574825498.6695957,[[0.915571]]
1574825500.7119305,[[0.20504802]]
1574825502.7592647,[[0.5895302]]
1574825504.7656112,[[0.26307556]]
1574825506.8139446,[[0.6864186]]
1574825508.8172925,[[0.28595883]]
1574825510.8176415,[[0.82607585]]
1574825512.958944,[[0.97738725]]
1574825514.962292,[[0.02966556]]
1574825516.9676392,[[0.7632429]]
1574825519.069955,[[0.1556729]]
1574825521.11329,[[0.7851044]]
1574825523.1086402,[[0.5902691]]
1574825525.1089892,[[0.19110188]]
1574825527.1173356,[[0.82421434]]
1574825529.266636,[[0.8734727]]
1574825531.2669847,[[0.90834826]]
1574825533.3603036,[[0.32295677]]
1574825535.3096685,[[0.9273871]]
1574825537.3130164,[[0.7432246]]
1574825539.36135,[[0.23109148]]
1574825541.3646977,[[0.84988195]]
1574825543.471012,[[0.5447435]]
1574825545.4603643,[[0.69574505]]
1574825547.5086975,[[0.9126453]]
1574825549.5610297,[[0.9426708]]
1574825551.5163932,[[0.8567123]]
1574825553.714678,[[0.9313034]]
1574825555.707029,[[0.6383047]]
1574825557.6593935,[[0.8991954]]
1574825559.7647083,[[0.7909945]]
1574825561.7090752,[[0.9311822]]
1574825563.7664058,[[0.91778296]]
1574825565.8677218,[[0.93557346]]
1574825568.963714,[[0.90643644]]
1574825570.969061,[[0.7719345]]
1574825572.9174266,[[0.23831457]]
1574825574.9567628,[[0.6035469]]
1574825576.96311,[[0.44250658]]
1574825579.0624266,[[0.0651943]]
1574825581.1137588,[[0.40686634]]
1574825583.1151073,[[0.73317623]]
1574825585.1124573,[[0.91707]]
1574825587.1557918,[[0.4801423]]
1574825589.2591076,[[0.36972782]]
1574825591.318437,[[0.93812746]]
1574825593.3677702,[[0.7429822]]
1574825595.3551228,[[0.8690639]]
1574825597.256504,[[0.25021464]]
1574825599.4637854,[[0.84280944]]
1574825601.5101194,[[0.6284769]]
1574825603.4644835,[[0.39413255]]
1574825605.4658318,[[0.31613386]]
1574825607.465181,[[0.9891149]]
1574825609.6094832,[[0.4736182]]
1574825611.5598493,[[0.0440707]]
1574825613.8071165,[[0.28083548]]
1574825615.6175272,[[0.12552047]]
1574825617.6158767,[[0.13995497]]
1574825619.7571802,[[0.84848696]]
1574825621.8095117,[[0.9704891]]
1574825623.8608437,[[0.98677814]]
1574825625.916175,[[0.9674488]]
1574825627.8155565,[[0.9641791]]
1574825629.9078753,[[0.98893124]]
1574825632.0091918,[[0.01122714]]
1574825633.9155707,[[0.39023554]]
1574825636.0148876,[[0.31063265]]
1574825638.0082386,[[0.04356579]]
1574825640.1145535,[[0.32218048]]
1574825642.1129026,[[0.03570154]]
1574825644.1072536,[[0.19335766]]
1574825646.157586,[[0.03953437]]
1574825648.164933,[[0.00426502]]
1574825650.3132331,[[0.19652547]]
1574825652.263598,[[0.9273768]]
1574825654.2579494,[[0.82845235]]
1574825656.3062825,[[0.90750295]]
1574825658.307631,[[0.8686277]]
1574825660.4169443,[[0.25427115]]
1574825662.5232587,[[0.41598603]]
1574825664.5645947,[[0.53937453]]
1574825666.4539793,[[0.8166246]]
1574825668.5562947,[[0.39894816]]
1574825670.6096263,[[0.70503914]]
1574825672.6159735,[[0.79876673]]
1574825674.617322,[[0.74411803]]
1574825676.7036426,[[0.838131]]
1574825678.6600058,[[0.2536491]]
1574825680.8652883,[[0.92233557]]
1574825682.76467,[[0.6881764]]
1574825684.8140028,[[0.24772923]]
1574825686.8523393,[[0.79140186]]
1574825688.9056706,[[0.54918265]]
1574825691.0139844,[[0.72698355]]
1574825692.960351,[[0.8066837]]
1574825694.9636986,[[0.03707157]]
1574825697.0680141,[[0.04780472]]
1574825699.01538,[[0.13673782]]
1574825701.2066665,[[0.01876645]]
1574825703.2080152,[[0.02672409]]
1574825705.1623793,[[0.19039802]]
1574825707.3156781,[[0.01706759]]
1574825709.2540474,[[0.3510479]]
1574825711.3383687,[[0.05818478]]
1574825713.3617098,[[0.03437647]]
1574825716.4037197,[[0.903901]]
1574825718.4600503,[[0.7901416]]
1574825720.4144142,[[0.9591871]]
1574825722.4627473,[[0.43094677]]
1574825724.51408,[[0.08226369]]
1574825726.6043992,[[0.76964545]]
1574825728.6587305,[[0.49244177]]
1574825730.614094,[[0.81350076]]
1574825732.657429,[[0.2973593]]
1574825734.6617763,[[0.6620531]]
1574825736.7620928,[[0.87318856]]
1574825738.804428,[[0.73916745]]
1574825740.7587922,[[0.87607884]]
1574825742.8111236,[[0.4490609]]
1574825744.8084736,[[0.9548316]]
1574825746.915788,[[0.58791256]]
1574825748.9551237,[[0.48674634]]
1574825751.0054564,[[0.8435763]]
1574825752.957821,[[0.45653924]]
1574825755.0591369,[[0.49057552]]
1574825757.1104698,[[0.72525674]]
1574825759.2037878,[[0.3820313]]
1574825761.1531532,[[0.6919913]]
1574825763.205485,[[0.70542705]]
1574825765.1548502,[[0.97418875]]
1574825767.2591658,[[0.94738466]]
1574825769.309498,[[0.7544366]]
1574825771.3558323,[[0.76982415]]
1574825773.3071966,[[0.70700306]]
1574825775.306546,[[0.93760043]]
1574825777.5078297,[[0.5597073]]
1574825779.5101774,[[0.34574294]]
1574825782.477212,[[0.5030567]]
1574825783.5558612,[[0.90928996]]
1574825785.5082252,[[0.04523567]]
1574825787.6135404,[[0.8181198]]
1574825789.6148884,[[0.55886495]]
1574825791.711206,[[0.8031811]]
1574825793.6675694,[[0.72709787]]
1574825795.6599207,[[0.25054646]]
1574825797.8112202,[[0.7884967]]
1574825799.8595538,[[0.6400838]]
1574825801.8129175,[[0.57544595]]
1574825803.8162656,[[0.5593013]]
1574825805.8586009,[[0.3729603]]
1574825808.0059025,[[0.93728185]]
1574825810.0072505,[[0.29315093]]
1574825812.0205948,[[0.57482934]]
1574825814.0639296,[[0.81486154]]
1574825816.0662782,[[0.44180936]]
1574825818.1046147,[[0.5868351]]
1574825820.161945,[[0.8026199]]
1574825822.2572627,[[0.02189167]]
1574825824.157644,[[0.44411588]]
1574825826.209976,[[0.77083534]]
1574825828.354278,[[0.49859372]]
1574825830.3076422,[[0.32799974]]
1574825832.304992,[[0.2843806]]
1574825834.3553247,[[0.52168584]]
1574825836.3576732,[[0.09855215]]
1574825838.4609885,[[0.7197958]]
1574825840.504323,[[0.34158093]]
1574825842.5096703,[[0.88637215]]
1574825844.605988,[[0.8568799]]
1574825846.5593522,[[0.26169467]]
1574825848.6136832,[[0.9059254]]
1574825850.698005,[[0.6666089]]
1574825852.7553356,[[0.7096861]]
1574825854.7556841,[[0.72410184]]
1574825856.8809922,[[0.8496664]]
1574825858.8093646,[[0.8430908]]
1574825860.9096806,[[0.7969092]]
1574825863.9616878,[[0.9273773]]
1574825865.9110527,[[0.9459278]]
1574825867.9673839,[[0.8682443]]
1574825869.9537368,[[0.74714524]]
1574825872.0560524,[[0.9225979]]
1574825874.0614002,[[0.96988356]]
1574825876.1167314,[[0.8322077]]
1574825878.105084,[[0.4837018]]
1574825880.1504178,[[0.92580163]]
1574825882.2037492,[[0.8961468]]
1574825884.254082,[[0.84526277]]
1574825886.3044145,[[0.6951966]]
1574825888.305763,[[0.8349531]]
1574825890.3620932,[[0.8784909]]
1574825892.3524475,[[0.8824635]]
1574825894.455761,[[0.77694273]]
1574825896.5070932,[[0.1509335]]
1574825898.4644573,[[0.14442885]]
1574825900.5107899,[[0.87006164]]
1574825902.505141,[[0.4779813]]
1574825904.6544414,[[0.16743802]]
1574825906.6028068,[[0.22326663]]
1574825908.6561384,[[0.79570955]]
1574825910.71047,[[0.75686556]]
1574825912.7088192,[[0.63708127]]
1574825914.8061366,[[0.5820562]]
1574825916.804486,[[0.14557825]]
1574825918.8568184,[[0.74864084]]
1574825920.9101496,[[0.53441066]]
1574825922.803533,[[0.71239877]]
1574825925.051802,[[0.0809897]]
1574825926.9471846,[[0.88968986]]
1574825929.053499,[[0.680253]]
1574825931.0058634,[[0.31573117]]
1574825933.0541966,[[0.84233993]]
1574825935.1075282,[[0.8177419]]
1574825937.2018464,[[0.9456865]]
1574825939.2031949,[[0.90283096]]
1574825941.209542,[[0.94053125]]
1574825943.1549087,[[0.83863527]]
1574825945.308208,[[0.9375967]]
1574825947.3505428,[[0.95729613]]
1574825949.4008763,[[0.9283602]]
1574825951.3572385,[[0.8329316]]
1574825953.4045722,[[0.7669527]]
1574825955.4599035,[[0.8945009]]
1574825957.5092363,[[0.88805234]]
1574825959.4965894,[[0.77080506]]
1574825961.6049035,[[0.28409868]]
1574825963.6042519,[[0.6791603]]
1574825965.7035687,[[0.905991]]
1574825967.706917,[[0.8699917]]
1574825969.711264,[[0.8251859]]
1574825971.698617,[[0.92780954]]
1574825973.8029323,[[0.9069506]]
1574825975.8522651,[[0.9354084]]
1574825977.8516142,[[0.7888832]]
1574825979.8599615,[[0.8634736]]
1574825981.8962977,[[0.6702581]]
1574825983.9506288,[[0.72537094]]
1574825986.0049603,[[0.8483661]]
1574825988.0033097,[[0.4304835]]
1574825990.106625,[[0.61425835]]
1574825993.1016502,[[0.8904463]]
1574825995.1019988,[[0.90327036]]
1574825997.1533313,[[0.918861]]
1574825999.1566792,[[0.82685477]]
1574826001.2999818,[[0.80021197]]
1574826003.2673411,[[0.88360804]]
1574826005.3056777,[[0.9285072]]
1574826007.3080258,[[0.8640042]]
1574826009.4053435,[[0.5767758]]
1574826011.4506772,[[0.7456937]]
1574826013.511007,[[0.7791891]]
1574826015.5023584,[[0.7328857]]
1574826017.5017078,[[0.93475413]]
1574826019.506055,[[0.8320431]]
1574826021.6543558,[[0.88458693]]
1574826023.5987234,[[0.8918404]]
1574826025.6480563,[[0.9440388]]
1574826027.6993883,[[0.9294492]]
1574826029.7017362,[[0.93441314]]
1574826031.8080506,[[0.9435186]]
1574826033.8503857,[[0.96275395]]
1574826035.7497678,[[0.9394383]]
1574826037.8500838,[[0.89909256]]
1574826039.852432,[[0.94110453]]
1574826041.9577472,[[0.84242815]]
1574826043.9940841,[[0.7980034]]
1574826045.9474483,[[0.16894485]]
1574826048.0007799,[[0.45794055]]
1574826050.0501125,[[0.4651246]]
1574826052.1074429,[[0.05181535]]
1574826054.2057598,[[0.03883058]]
1574826056.1951122,[[0.86672306]]
1574826058.1494808,[[0.4588157]]
1574826060.201808,[[0.05322184]]
1574826062.3011246,[[0.3763848]]
1574826064.3574553,[[0.8275367]]
1574826066.3548052,[[0.06525926]]
1574826068.3461573,[[0.32190102]]
1574826070.3545032,[[0.12991673]]
1574826072.5008047,[[0.8801774]]
1574826074.5091507,[[0.7141482]]
1574826076.5094995,[[0.39037937]]
1574826078.5458367,[[0.7552865]]
1574826080.548185,[[0.8477761]]
1574826082.6525,[[0.32781893]]
1574826084.64985,[[0.021501]]
1574826086.753165,[[0.05741929]]
1574826088.652547,[[0.05758342]]
1574826090.6958818,[[0.02661449]]
1574826092.7981975,[[0.03631237]]
1574826094.8505294,[[0.02559869]]
1574826096.8068929,[[0.03359446]]
1574826098.8522265,[[0.14489082]]
1574826100.9415467,[[0.39361906]]
1574826103.0488613,[[0.05930395]]
1574826104.998227,[[0.09044159]]
1574826107.1005423,[[0.62324995]]
1574826109.0499072,[[0.08011665]]
1574826111.1032395,[[0.5364452]]
1574826113.1965575,[[0.31149697]]
1574826115.1939073,[[0.05633892]]
1574826117.1472714,[[0.27390578]]
1574826119.1536183,[[0.47214064]]
1574826121.2509356,[[0.5365003]]
1574826123.3452542,[[0.7760597]]
1574826125.3975859,[[0.74843276]]
1574826127.35095,[[0.73098904]]
1574826129.4002829,[[0.18371783]]
1574826131.503598,[[0.40939483]]
1574826133.5029476,[[0.79005927]]
1574826135.546282,[[0.17347355]]
1574826137.5426328,[[0.27637485]]
1574826140.6046357,[[0.2911989]]
1574826142.6489701,[[0.31511584]]
1574826144.650319,[[0.88358045]]
1574826146.6966527,[[0.5006774]]
1574826148.7499845,[[0.7091837]]
1574826150.7993176,[[0.66716987]]
1574826152.7986665,[[0.7941327]]
1574826154.7930171,[[0.24496165]]
1574826156.796365,[[0.03940408]]
1574826158.9576619,[[0.05095688]]
1574826161.0009964,[[0.03678263]]
1574826162.9543605,[[0.03512517]]
1574826164.9487114,[[0.09786738]]
1574826166.9950452,[[0.01339099]]
1574826169.0983605,[[0.01683416]]
1574826171.1496928,[[0.06076751]]
1574826173.2050238,[[0.49910313]]
1574826175.229365,[[0.915913]]
1574826177.14874,[[0.94381267]]
1574826179.3490238,[[0.9304671]]
1574826181.3523717,[[0.7010913]]
1574826183.3027368,[[0.78151363]]
1574826185.3530693,[[0.42388543]]
1574826187.4443886,[[0.86988646]]
1574826189.3987525,[[0.88422513]]
1574826191.498069,[[0.57337946]]
1574826193.5014172,[[0.89452887]]
1574826195.5517497,[[0.90213364]]
1574826197.5500991,[[0.80000466]]
1574826199.6444173,[[0.93203175]]
1574826201.5927837,[[0.91338277]]
1574826203.6501133,[[0.8957247]]
1574826205.6504622,[[0.76401234]]
1574826207.7047937,[[0.7570868]]
1574826209.7401311,[[0.1035329]]
1574826211.8424466,[[0.24563509]]
1574826213.899777,[[0.48184583]]
1574826215.847143,[[0.03280716]]
1574826217.8524902,[[0.33007967]]
1574826219.9558058,[[0.37077656]]
1574826222.0451255,[[0.0551555]]
1574826223.9994893,[[0.05989598]]
1574826226.0448236,[[0.71920633]]
1574826228.043173,[[0.76148176]]
1574826230.1484876,[[0.4919175]]
1574826232.193822,[[0.85041815]]
1574826234.1951706,[[0.2768161]]
1574826236.197519,[[0.17588022]]
1574826238.202866,[[0.29065588]]
1574826240.3801572,[[0.29448983]]
1574826242.3055308,[[0.06303271]]
1574826244.3468661,[[0.05307172]]
1574826246.396199,[[0.55311584]]
1574826248.3965478,[[0.45028928]]
1574826250.5018623,[[0.1515454]]
1574826252.4982126,[[0.50192326]]
1574826254.5405478,[[0.02372867]]
1574826256.5438957,[[0.36682555]]
1574826258.5412455,[[0.23264512]]
1574826260.6955442,[[0.44464102]]
1574826262.7028906,[[0.12172312]]
1574826264.6972415,[[0.1215032]]
1574826266.6925921,[[0.06554668]]
1574826268.740925,[[0.04758872]]
1574826270.8992229,[[0.24831943]]
1574826272.8465889,[[0.12157448]]
1574826274.854935,[[0.14655264]]
1574826276.9402568,[[0.4521415]]
1574826278.8976192,[[0.1239465]]
1574826281.0429206,[[0.17477308]]
1574826283.045269,[[0.16628899]]
1574826285.048617,[[0.36927125]]
1574826288.0996237,[[0.5460921]]
1574826290.149956,[[0.07007616]]
1574826292.148306,[[0.19576718]]
1574826294.153653,[[0.6180486]]
1574826296.293956,[[0.12672298]]
1574826298.2913063,[[0.07369609]]
1574826300.2926548,[[0.04491547]]
1574826302.3459864,[[0.05766036]]
1574826304.3483346,[[0.01193403]]
1574826306.488638,[[0.02861439]]
1574826308.4420018,[[0.04232106]]
1574826310.4923346,[[0.01927396]]
1574826312.5476656,[[0.08307413]]
1574826314.5050287,[[0.05440825]]
1574826316.6023457,[[0.05951812]]
1574826318.641682,[[0.06372301]]
1574826320.6940143,[[0.03658716]]
1574826322.6923633,[[0.02416788]]
1574826324.69871,[[0.09477723]]
1574826326.8030255,[[0.15526666]]
1574826328.8923454,[[0.30261314]]
1574826330.7897277,[[0.68257433]]
1574826332.8950424,[[0.3346652]]
1574826334.8973904,[[0.40996408]]
1574826337.0506895,[[0.01843873]]
1574826338.9510713,[[0.04063408]]
1574826341.0433898,[[0.63214093]]
1574826343.0427387,[[0.29131037]]
1574826344.994104,[[0.01774616]]
1574826347.1484025,[[0.04325736]]
1574826349.1977353,[[0.0673824]]
1574826351.1520991,[[0.01175691]]
1574826353.1934347,[[0.04598888]]
1574826355.244767,[[0.41475758]]
1574826357.2970986,[[0.44981572]]
1574826359.300447,[[0.6444668]]
1574826361.4007633,[[0.7803506]]
1574826363.3371332,[[0.8430251]]
1574826365.4414482,[[0.70197546]]
1574826367.4447956,[[0.7594086]]
1574826369.4981277,[[0.02557616]]
1574826371.4994757,[[0.06887095]]
1574826373.5028236,[[0.056673]]
1574826375.538161,[[0.08172486]]
1574826377.6414766,[[0.11587986]]
1574826379.6498227,[[0.6148487]]
1574826381.6981559,[[0.04876245]]
1574826383.7994719,[[0.07607369]]
1574826385.700853,[[0.1647608]]
1574826387.7901733,[[0.7490424]]
1574826389.8425052,[[0.15696134]]
1574826391.8948367,[[0.05045775]]
1574826393.8961852,[[0.12219963]]
1574826395.946518,[[0.06483716]]
1574826397.9898524,[[0.03850868]]
1574826399.989202,[[0.02430112]]
1574826402.0425336,[[0.02893916]]
1574826404.0408838,[[0.52622265]]
1574826406.1511967,[[0.0424377]]
1574826408.2405164,[[0.17796026]]
1574826410.190881,[[0.03500326]]
1574826412.2931979,[[0.54673123]]
1574826414.1945777,[[0.47879538]]
1574826417.2895706,[[0.25213936]]
1574826419.297917,[[0.3153596]]
1574826421.344251,[[0.05151612]]
1574826423.4465663,[[0.38855246]]
1574826425.4958992,[[0.12618002]]
1574826427.4872508,[[0.17186537]]
1574826429.492598,[[0.4363909]]
1574826431.4999447,[[0.53663605]]
1574826433.6002612,[[0.48870105]]
1574826435.6006098,[[0.57420725]]
1574826437.7389138,[[0.5650309]]
1574826439.692278,[[0.44409832]]
1574826441.645642,[[0.6671689]]
1574826443.7909439,[[0.90556717]]
1574826445.7992902,[[0.88468975]]
1574826447.8386264,[[0.84483206]]
1574826449.8909585,[[0.15209992]]
1574826451.8403237,[[0.6610682]]
1574826453.9916234,[[0.89944595]]
1574826455.9509854,[[0.79004574]]
1574826458.0323079,[[0.7878961]]
1574826459.9866722,[[0.30413285]]
1574826462.0889874,[[0.9154582]]
1574826464.091336,[[0.3558955]]
1574826466.194651,[[0.9632337]]
1574826468.1420171,[[0.34641132]]
1574826470.1953487,[[0.838485]]
1574826472.1906993,[[0.01181867]]
1574826474.2920153,[[0.8277581]]
1574826476.296363,[[0.49705178]]
1574826478.294712,[[0.01956875]]
1574826480.3460448,[[0.8389749]]
1574826482.3843808,[[0.7959985]]
1574826484.4387124,[[0.8867506]]
1574826486.4910443,[[0.04610587]]
1574826488.541377,[[0.6987288]]
1574826490.4957411,[[0.91906404]]
1574826492.5450737,[[0.9159233]]
1574826494.6883757,[[0.90730107]]
1574826496.6897244,[[0.7284927]]
1574826498.6890738,[[0.34863427]]
1574826500.6944213,[[0.91911954]]
1574826502.7427542,[[0.29499534]]
1574826504.7870889,[[0.41541797]]
1574826506.8394203,[[0.03791957]]
1574826508.840769,[[0.77231646]]
1574826510.8461163,[[0.91949946]]
1574826512.9444332,[[0.8715894]]
1574826514.993766,[[0.2951452]]
1574826517.037101,[[0.82676977]]
1574826518.9844673,[[0.47680154]]
1574826521.0387983,[[0.97019506]]
1574826523.0881314,[[0.9462848]]
1574826525.2014434,[[0.9336959]]
1574826527.2357812,[[0.8523146]]
1574826529.1841471,[[0.8537182]]
1574826531.193494,[[0.81462413]]
1574826533.242826,[[0.7877632]]
1574826535.3921266,[[0.7693698]]
1574826537.4364607,[[0.9076229]]
1574826539.4328108,[[0.9709938]]
1574826541.3511863,[[0.253265]]
1574826543.388523,[[0.07788564]]
1574826545.4928381,[[0.9381486]]
1574826547.5401719,[[0.724849]]
1574826549.6354897,[[0.34401911]]
1574826551.5358713,[[0.9521793]]
1574826553.539219,[[0.29204458]]
1574826555.742502,[[0.97301483]]
1574826557.6938667,[[0.9338756]]
1574826559.6882174,[[0.930785]]
1574826561.7365506,[[0.9559393]]
1574826564.7935555,[[0.9605406]]
1574826566.8338914,[[0.9439465]]
1574826568.8312411,[[0.6234258]]
1574826570.9365559,[[0.97038954]]
1574826572.9379048,[[0.08276531]]
1574826574.9912364,[[0.9307645]]
1574826576.9935842,[[0.23413731]]
1574826578.9959333,[[0.88002515]]
1574826581.1842198,[[0.9520491]]
1574826583.0826023,[[0.66233414]]
1574826585.1889167,[[0.11866764]]
1574826587.1912649,[[0.3012365]]
1574826589.1466284,[[0.6328858]]
1574826591.285932,[[0.09661537]]
1574826593.3432624,[[0.47489962]]
1574826595.3905957,[[0.11443566]]
1574826597.340961,[[0.91759104]]
1574826599.445276,[[0.956891]]
1574826601.5385942,[[0.9726839]]
1574826603.4439747,[[0.97297657]]
1574826605.5372927,[[0.9869258]]
1574826607.4886577,[[0.98349565]]
1574826609.4910057,[[0.9427652]]
1574826611.632309,[[0.9808981]]
1574826613.634657,[[0.97637784]]
1574826615.6869888,[[0.98513895]]
1574826617.6873376,[[0.9779858]]
1574826619.6926851,[[0.96375144]]
1574826621.7910023,[[0.98627406]]
1574826623.8323374,[[0.9864356]]
1574826625.7837024,[[0.92578375]]
1574826627.8850188,[[0.7970301]]
1574826629.8353832,[[0.8541422]]
1574826631.9446967,[[0.763851]]
1574826634.0810015,[[0.77052164]]
1574826635.9853814,[[0.96917635]]
1574826638.0337148,[[0.90307]]
1574826640.0360627,[[0.09567349]]
1574826642.1883621,[[0.63643104]]
1574826644.1387274,[[0.8389991]]
1574826646.1900597,[[0.78287417]]
1574826648.296374,[[0.6899531]]
1574826650.1847594,[[0.22055312]]
1574826652.3420572,[[0.6738365]]
1574826654.3893907,[[0.4728586]]
1574826656.4307263,[[0.9449739]]
1574826658.4350739,[[0.29436934]]
1574826660.4334233,[[0.9101717]]
1574826662.5367386,[[0.9414045]]
1574826664.5890706,[[0.956235]]
1574826666.5394359,[[0.6329246]]
1574826668.544783,[[0.67413265]]
1574826670.5831194,[[0.85762674]]
1574826672.6324522,[[0.8826726]]
1574826674.6867836,[[0.9271897]]
1574826676.7900987,[[0.8350561]]
1574826678.7444625,[[0.40107304]]
1574826680.7408133,[[0.85802937]]
1574826682.8311327,[[0.2763355]]
1574826684.9344482,[[0.84174025]]
1574826686.887812,[[0.34449944]]
1574826688.8941588,[[0.77148414]]
1574826690.894508,[[0.8356024]]
1574826693.0348108,[[0.9257118]]
1574826695.032161,[[0.8371088]]
1574826697.1374755,[[0.8822623]]
1574826699.031859,[[0.9161]]
1574826701.1411722,[[0.8989171]]
1574826703.2344909,[[0.91439146]]
1574826705.236839,[[0.9135988]]
1574826707.240187,[[0.63699806]]
1574826709.2355373,[[0.8743613]]
1574826712.3835127,[[0.8388167]]
1574826714.4348452,[[0.65771526]]
1574826716.344224,[[0.80348593]]
1574826718.5305116,[[0.70080614]]
1574826720.433892,[[0.8329258]]
1574826722.4842248,[[0.6764249]]
1574826724.485573,[[0.14148283]]
1574826726.4869223,[[0.63958395]]
1574826728.5932362,[[0.5978638]]
1574826730.6825562,[[0.9532429]]
1574826732.7328885,[[0.9086351]]
1574826734.6342697,[[0.50564]]
1574826736.7345865,[[0.8299123]]
1574826738.8898845,[[0.6570972]]
1574826740.8892336,[[0.5017175]]
1574826742.7966132,[[0.9045299]]
1574826744.883933,[[0.56549716]]
1574826746.930267,[[0.7918928]]
1574826748.9426122,[[0.8180515]]
1574826750.9409616,[[0.8357129]]
1574826752.9892948,[[0.8112971]]
1574826755.0806143,[[0.3720456]]
1574826757.0819628,[[0.929318]]
1574826759.1862779,[[0.71628815]]
1574826761.2396092,[[0.8336846]]
1574826763.288942,[[0.9070807]]
1574826765.2263117,[[0.9337733]]
1574826767.178676,[[0.8809854]]
1574826769.28599,[[0.9454306]]
1574826771.335323,[[0.95806056]]
1574826773.3426695,[[0.6360991]]
1574826775.3880036,[[0.69628733]]
1574826777.4283397,[[0.8500855]]
1574826779.435686,[[0.8384035]]
1574826781.4880183,[[0.8466918]]
1574826783.6353192,[[0.94391996]]
1574826785.5446975,[[0.8966064]]
1574826787.5380487,[[0.6935572]]
1574826789.6313674,[[0.6586807]]
1574826791.6377141,[[0.52738994]]
1574826793.694045,[[0.91212565]]
1574826795.7853642,[[0.72607154]]
1574826797.7347295,[[0.6957886]]
1574826799.8310475,[[0.7231375]]
1574826801.8823795,[[0.9159096]]
1574826803.9347112,[[0.92596555]]
1574826805.985044,[[0.72510713]]
1574826807.8854253,[[0.938097]]
1574826810.0277278,[[0.9243546]]
1574826812.1280444,[[0.8420045]]
1574826814.0794091,[[0.53277737]]
1574826816.0377717,[[0.68156105]]
1574826818.0811064,[[0.656372]]
1574826820.1414359,[[0.8642771]]
1574826822.1857708,[[0.796007]]
1574826824.2291055,[[0.8119438]]
1574826826.2274547,[[0.9267971]]
1574826828.2318025,[[0.9131757]]
1574826830.3821023,[[0.8651982]]
1574826832.3854501,[[0.7376413]]
1574826834.425786,[[0.8677284]]
1574826836.3821492,[[0.4970856]]
1574826838.4304826,[[0.8254324]]
1574826841.478491,[[0.08403588]]
1574826843.4878361,[[0.24759227]]
1574826845.6371367,[[0.00237925]]
1574826847.6344862,[[0.01230883]]
1574826849.6348357,[[0.0979563]]
1574826851.6291857,[[0.04403357]]
1574826853.6795187,[[0.12510803]]
1574826855.8318186,[[0.84678143]]
1574826857.836166,[[0.8428201]]
1574826859.936483,[[0.83661973]]
1574826861.8428614,[[0.9621782]]
1574826863.9261832,[[0.87970996]]
1574826865.9345293,[[0.9910862]]
1574826868.0348463,[[0.97184086]]
1574826869.9812121,[[0.987599]]
1574826871.98456,[[0.8789019]]
1574826874.0798783,[[0.8822684]]
1574826876.1821938,[[0.40959787]]
1574826878.1365578,[[0.9339249]]
1574826880.2318757,[[0.98439896]]
1574826882.1822405,[[0.98955196]]
1574826884.1885877,[[0.71094024]]
1574826886.3268914,[[0.8501205]]
1574826888.3262405,[[0.98645633]]
1574826890.3825712,[[0.98826057]]
1574826892.4369023,[[0.96083176]]
1574826894.383269,[[0.7947933]]
1574826896.5285718,[[0.6786098]]
1574826898.4819345,[[0.71768737]]
1574826900.4802845,[[0.67622155]]
1574826902.6045926,[[0.8226072]]
1574826904.5359643,[[0.94288963]]
1574826906.6342812,[[0.767462]]
1574826908.6326306,[[0.62262785]]
1574826910.6789644,[[0.28553897]]
1574826912.731297,[[0.79138887]]
1574826914.732645,[[0.95767045]]
1574826916.7849772,[[0.8681418]]
1574826918.8772962,[[0.63605684]]
1574826920.8786442,[[0.9725806]]
1574826922.928977,[[0.9526458]]
1574826924.8793423,[[0.83979475]]
1574826926.9816575,[[0.7761384]]
1574826929.0739768,[[0.9080996]]
1574826931.0793242,[[0.9267338]]
1574826933.0266898,[[0.96878505]]
1574826935.031038,[[0.94135857]]
1574826937.1813378,[[0.95486325]]
1574826939.1836855,[[0.93535805]]
1574826941.2260208,[[0.88458496]]
1574826943.2273693,[[0.8648547]]
1574826945.2267187,[[0.93490344]]
1574826947.3810174,[[0.8106113]]
1574826949.385365,[[0.9512882]]
1574826951.4376967,[[0.6068005]]
1574826953.4770331,[[0.9593903]]
1574826955.428398,[[0.9659248]]
1574826957.6316807,[[0.93843144]]
1574826959.5340612,[[0.40505376]]
1574826961.632378,[[0.90889853]]
1574826963.6217308,[[0.96123487]]
1574826965.5780938,[[0.9633552]]
1574826967.7263947,[[0.9635876]]
1574826969.7837248,[[0.9263175]]
1574826971.7810752,[[0.68957466]]
1574826973.7364385,[[0.9746099]]
1574826975.7847717,[[0.9328514]]
1574826977.8750913,[[0.81091654]]
1574826979.9284227,[[0.94848454]]
1574826981.929771,[[0.7236492]]
1574826983.9291208,[[0.9554736]]
1574826985.9814522,[[0.9474922]]
1574826989.081443,[[0.89986306]]
1574826991.0288098,[[0.89541477]]
1574826993.1311247,[[0.9364564]]
1574826995.1334734,[[0.962661]]
1574826997.227791,[[0.9627125]]
1574826999.1781566,[[0.9764006]]
1574827001.2834713,[[0.7009164]]
1574827003.2858193,[[0.9750588]]
1574827005.376139,[[0.9807926]]
1574827007.374489,[[0.97994184]]
1574827009.4308193,[[0.8564224]]
1574827011.3871822,[[0.83233553]]
1574827013.532484,[[0.9682102]]
1574827015.5228362,[[0.88366324]]
1574827017.5331817,[[0.96964204]]
1574827019.4845471,[[0.947679]]
1574827021.53288,[[0.50393367]]
1574827023.6811805,[[0.8019416]]
1574827025.6935256,[[0.9576542]]
1574827027.6768796,[[0.9299036]]
1574827029.7771966,[[0.95410943]]
1574827031.6815763,[[0.9497555]]
1574827033.8288772,[[0.937125]]
1574827035.8392227,[[0.9444801]]
1574827037.8705616,[[0.9339591]]
1574827039.8719099,[[0.94336176]]
1574827041.9772246,[[0.82745105]]
1574827043.9835718,[[0.9289432]]
1574827046.0828884,[[0.9877599]]
1574827048.0302544,[[0.98674774]]
1574827050.022606,[[0.9826588]]
1574827052.076937,[[0.9421269]]
1574827054.228237,[[0.85720485]]
1574827056.178602,[[0.99034554]]
1574827058.1789515,[[0.9331931]]
1574827060.2732692,[[0.9604769]]
1574827062.2246342,[[0.97043407]]
1574827064.3819318,[[0.76981384]]
1574827066.4282656,[[0.9151987]]
1574827068.4276147,[[0.9737501]]
1574827070.4819462,[[0.87760687]]
1574827072.4223144,[[0.94430053]]
1574827074.575614,[[0.96944135]]
1574827076.579961,[[0.95223]]
1574827078.6252954,[[0.9152232]]
1574827080.5816588,[[0.9791782]]
1574827082.6329908,[[0.93595153]]
1574827084.6723268,[[0.97721195]]
1574827086.6796734,[[0.9187055]]
1574827088.7759914,[[0.02407362]]
1574827090.7263565,[[0.2409177]]
1574827092.7796876,[[0.37381852]]
1574827094.826022,[[0.45987275]]
1574827096.8743548,[[0.9526739]]
1574827098.97967,[[0.29787704]]
1574827100.9270358,[[0.97865045]]
1574827102.9273849,[[0.27007988]]
1574827105.0297003,[[0.46993303]]
1574827107.0240514,[[0.48595202]]
1574827109.0713844,[[0.9035439]]
1574827111.0837297,[[0.95430183]]
1574827113.1270642,[[0.07790542]]
1574827115.1863942,[[0.5680988]]
1574827117.1867428,[[0.9350256]]
1574827119.22408,[[0.96992534]]
1574827121.2254283,[[0.6851174]]
1574827123.3237453,[[0.21813437]]
1574827125.3780766,[[0.8559648]]
1574827127.3814247,[[0.19146997]]
1574827129.418761,[[0.12210746]]
1574827131.4730926,[[0.7482021]]
1574827133.472442,[[0.33066443]]
1574827136.5704336,[[0.10844776]]
1574827138.5207984,[[0.22611247]]
1574827140.620115,[[0.956038]]
1574827142.6974387,[[0.22342348]]
1574827144.6767943,[[0.37331307]]
1574827146.7721124,[[0.8354412]]
1574827148.7204788,[[0.96164596]]
1574827150.8227937,[[0.95149]]
1574827152.8781247,[[0.52058095]]
1574827154.8794734,[[0.8625087]]
1574827156.9198096,[[0.84573346]]
1574827158.8691745,[[0.8890757]]
1574827161.0234735,[[0.83574456]]
1574827163.0268214,[[0.87138593]]
1574827164.9791856,[[0.8919197]]
1574827167.0295184,[[0.80954397]]
1574827169.0678546,[[0.511039]]
1574827171.17217,[[0.08569922]]
1574827173.2235022,[[0.20348108]]
1574827175.275834,[[0.70815015]]
1574827177.2771828,[[0.7682959]]
1574827179.2805305,[[0.17959271]]
1574827181.321866,[[0.11495474]]
1574827183.3781967,[[0.19035372]]
1574827185.3285618,[[0.74826634]]
1574827187.4268785,[[0.3257932]]
1574827189.4292266,[[0.95019937]]
1574827191.5175478,[[0.9687995]]
1574827193.5688794,[[0.98096967]]
1574827195.62521,[[0.9688854]]
1574827197.572576,[[0.84857273]]
1574827199.5759242,[[0.81134135]]
1574827201.718227,[[0.7798969]]
1574827203.7215743,[[0.8978013]]
1574827205.7209237,[[0.93823606]]
1574827207.7232716,[[0.750512]]
1574827209.7746043,[[0.79790354]]
1574827211.928903,[[0.73041433]]
1574827213.918255,[[0.89262676]]
1574827215.972587,[[0.89816976]]
1574827217.9199526,[[0.64619464]]
1574827219.9292986,[[0.9048814]]
1574827222.0765998,[[0.91999155]]
1574827224.1209342,[[0.73161215]]
1574827226.0673006,[[0.66015077]]
1574827228.1186328,[[0.88892627]]
1574827230.172964,[[0.85351115]]
1574827232.2282948,[[0.89912397]]
1574827234.2756288,[[0.93745905]]
1574827236.230992,[[0.94298023]]
1574827238.268329,[[0.9064818]]
1574827240.222693,[[0.9241703]]
1574827242.372993,[[0.94807976]]
1574827244.4223258,[[0.92850417]]
1574827246.4746578,[[0.8497502]]
1574827248.420025,[[0.961789]]
1574827250.4233727,[[0.93732166]]
