type,zcr_diff_mean,zcr_exceed_th,zcr_third_central_moment,zcr_std_of_fod
M,-18,25,0.0001612242289284267,0.03848267668766592
M,2,30,2.228076183265649e-05,0.051548000018156806
M,-16,23,6.974952294245801e-05,0.03403629500237426
M,6,19,2.2871111712026587e-05,0.03907544920632323
M,-24,30,5.485527413564386e-05,0.03976569196846703
M,-10,27,8.186742189096777e-06,0.042639188953569385
M,4,18,1.5369435140699167e-05,0.03562010781368562
M,-6,27,5.42711408399782e-05,0.0353173069941322
M,-18,25,1.3054221721996968e-05,0.047313416216155285
M,-2,24,2.660324202867201e-05,0.03935585309967582
M,16,33,-1.8532201897612467e-06,0.012856892688288286
M,-6,24,1.8806673772706073e-06,0.015071800921775355
M,10,43,-6.937041126861955e-07,0.015543420553769765
M,-32,33,1.6609519292192831e-06,0.015747294140511212
M,26,16,8.214737671244972e-08,0.011273159245147176
M,-34,61,2.0041921358849065e-06,0.01035063752408014
M,6,41,-6.916799169159921e-06,0.01710621324824787
M,-20,46,1.9574520277050673e-06,0.015728888128843294
M,0,49,4.3832566971744304e-07,0.018803175952355276
M,-14,34,1.6875968413716417e-06,0.020870064474908353
M,20,64,-7.606427933250829e-06,0.0160839893837525
M,6,30,-1.85641603554209e-06,0.017951853030882512
M,10,24,-8.759711653147866e-07,0.02534759695304594
M,-10,17,1.584909259701665e-06,0.02508985054083182
M,-18,19,7.166275644637501e-06,0.028842157749618024
M,-18,17,8.030273618237054e-06,0.028907155131344037
M,-10,23,2.3555550685861625e-06,0.02514548556773924
M,-30,10,3.328148723418799e-06,0.01872405795431496
M,20,16,-4.4834555280767924e-07,0.02157683038167916
M,-20,13,2.4638735544923716e-06,0.022480206642846293
M,2,20,2.0771842729090606e-06,0.021774022218435527
M,0,17,6.618847090405868e-06,0.024588587368455966
M,-20,17,7.2495084422288375e-06,0.026051884385345083
M,-28,14,6.109852126737641e-06,0.02357031738645426
M,24,70,-0.00022844471736929107,0.04930950042527215
M,34,34,-0.0003635694910893033,0.051111251679205924
M,6,35,1.4596949830131922e-06,0.022445511939226868
M,-36,37,7.072433918181292e-05,0.024143226745179394
M,-4,69,0.00019707371356570628,0.05616476746251031
M,-62,35,0.00037948319509584157,0.04381058817851605
M,-20,48,0.000516469236861872,0.06194501041193606
M,-16,46,1.9374581911215243e-05,0.03335621460337048
M,-42,25,0.0003264140453627123,0.03010678621287252
M,-14,52,0.00033280537527276386,0.07683097573477782
M,-24,40,3.356714802366125e-05,0.03338504091419359
M,-26,39,2.3238707817739218e-05,0.025207602820147473
M,-56,42,7.175686781585457e-05,0.03188069676991437
M,-42,51,0.00011113171778707392,0.030497306199306844
M,-122,14,0.0021903047718443286,0.03228461322329282
M,-96,23,0.00011529323925360137,0.02676370008579052
M,-46,50,0.00010736267835466829,0.036611986235275486
M,-34,44,3.103563009824554e-05,0.02679511542905649
M,-38,50,2.79502634725558e-05,0.024445830492261674
M,-32,50,0.0001364425042294608,0.03612755262319594
M,-28,54,4.810844673019843e-05,0.02821526085945703
M,-38,52,0.0006839135798360494,0.04157492533650645
M,-80,33,0.0029985633479244368,0.055757154766372496
M,-104,23,0.00100397813137967,0.03645952256740369
M,0,46,3.403913949541792e-05,0.04137418094382287
M,8,55,-1.3476724321074969e-05,0.057536043391602135
M,28,34,-0.0001796411588217109,0.05809505281033535
M,12,22,-0.00012188242298631524,0.047312556475004965
M,-12,46,4.9440843741494296e-05,0.03960051259894256
M,10,30,1.4121067242065488e-06,0.041917441594733464
M,2,46,-2.6495755101054722e-05,0.04217375352463867
M,0,36,-5.405233214839461e-05,0.04947779884313976
M,-18,42,6.643647815626733e-06,0.04454741678092778
M,18,39,-4.627527026357338e-05,0.04393107378432638
M,2,51,-4.101384710537737e-06,0.03932887584317752
M,-8,44,0.00011207255887582135,0.047504504851342125
M,4,56,3.945328188291453e-06,0.04414233526618635
M,-28,48,0.0012885671881710202,0.05363159177021731
M,20,54,-0.00010675156737048234,0.04867816229295168
M,20,62,-8.994125642779702e-05,0.05233337464117741
M,8,52,1.6112023927616566e-05,0.04727572499806647
M,8,61,4.3683089196066435e-05,0.05205401891025872
M,10,67,-4.086473679131885e-05,0.03670684358596905
M,26,43,8.97593821470244e-05,0.043861407820419626
M,16,57,-3.721759666282588e-05,0.034635238951944806
M,20,44,-1.2885578598137146e-05,0.04030337411945406
M,-4,60,5.3164247274299684e-05,0.03523733219293708
M,28,44,-3.86314773960671e-05,0.04468203199352288
M,-16,47,2.531308592135253e-05,0.031931955132728417
M,-4,47,2.7544090826961894e-05,0.03459315344498203
M,8,73,5.4198144124001675e-06,0.013883074051781906
M,0,0,0.0,0.0
M,-40,45,0.00012203607041573957,0.029533018122962773
M,-8,56,3.685857719681394e-05,0.03780585837506402
M,-12,45,2.5279632010832794e-05,0.030564969082151925
M,-50,36,0.0001503422859119137,0.030967027340435636
M,20,56,-4.8579926025539903e-05,0.03791684036966368
M,-4,66,2.3190859755365903e-05,0.03162937687018016
M,16,15,-6.770719313235975e-06,0.03424173715217033
M,-20,48,0.0001369860955927815,0.03148198747251739
M,-8,49,6.465153017605731e-05,0.043993621409975966
M,-30,45,0.00012630489053327659,0.039662161307512885
M,-24,49,0.0001131835950224544,0.04319263554889619
M,-58,36,0.00038987845384599103,0.04026684413367575
M,-10,57,0.00018306835168403364,0.04281860966492663
M,-12,54,0.00019239546704599112,0.049687822942663704
M,-24,55,8.60452064655197e-05,0.04952367652090787
M,-16,54,0.00011227434708703823,0.040045208313664434
M,-28,52,6.052134985852728e-05,0.035555498914790415
M,-20,56,4.745911616936908e-05,0.042229339591709526
M,-26,56,8.803015070105104e-05,0.04471567668205812
M,-12,54,5.1346511487680036e-05,0.04246646942808229
M,40,26,-2.5324859314414285e-06,0.009247014122384425
M,18,28,-1.2211858793195546e-06,0.016096579522952164
M,-24,40,1.4202890779422083e-05,0.01969626090284539
M,10,38,3.6122382170403657e-06,0.020174261222895278
M,-24,30,1.2476624728153261e-05,0.014814654212558944
M,6,31,3.8975969348879614e-06,0.015562501591534486
M,-14,37,5.122153150856275e-07,0.016164612926595354
M,-32,29,1.4522505372297715e-05,0.026836520868164272
M,-46,8,3.886179250329475e-07,0.004853737214374168
M,-24,47,7.083869160415851e-06,0.014792645842392078
M,-2,25,1.031295234352655e-06,0.018015531029376836
M,-32,31,1.028060718140631e-05,0.020554024720505337
M,-18,24,6.662511686255958e-05,0.034566696816002725
M,20,43,-3.3199903062614914e-05,0.03587334329960359
M,-16,22,7.104473460411607e-05,0.0396622923978945
M,-30,42,0.000396769083152835,0.04487985581436273
M,-4,62,1.7484769239081684e-05,0.0496727463869959
M,0,46,-8.431838492683338e-05,0.039428423357399954
M,-6,27,2.4844215823311708e-05,0.0407067344108623
M,-10,27,2.6899198218532667e-05,0.039490471489806264
M,-16,18,8.205444541980308e-05,0.04143007521184887
M,-16,33,2.2220486401234662e-05,0.03685744202333227
M,-8,31,2.588746722816588e-05,0.03885389362428837
M,16,33,2.7803034294446678e-05,0.04222674194398884
M,-22,43,9.495275287486616e-06,0.016708060143826736
M,-4,52,1.3877247327479259e-06,0.019956812077573396
M,-2,56,1.8903582271643006e-05,0.025819948091330806
M,-36,44,4.0232816086828286e-05,0.03259757853829429
M,-38,42,0.0001368088727316377,0.029350019472315195
M,-42,40,0.00033872517362858515,0.04777199168967094
M,4,54,5.0708290379634974e-06,0.02561385751888045
M,-36,45,3.284310692875664e-05,0.027556491772741287
M,-22,41,2.0029297120196343e-05,0.03220836609811635
M,-18,47,1.9745613217117748e-05,0.03017034230195891
M,-20,44,1.3257892998273279e-05,0.028186892633771728
M,-12,49,1.7264038723291696e-05,0.03200170512111402
M,-24,37,0.0001224281985847983,0.03610037904057744
M,-10,50,0.00026339897954276843,0.03984566123288317
M,-26,46,0.0001943334306258486,0.0418121722564574
M,-20,59,0.00010356112252000543,0.04039675107625007
M,-4,59,0.00013524044002272584,0.04013815678772571
M,-38,36,0.0027456378533159,0.060037843250394955
M,-32,32,0.002209470597878263,0.05746299847299708
M,-38,40,0.0003454809650960074,0.04224162056858031
M,-28,49,0.0001312982020092928,0.029614280221730235
M,-16,53,0.0002863517738442542,0.047688525214547396
M,-32,37,0.0005848612698064576,0.04299156563078222
M,-38,44,0.0003146590779201816,0.03712184126581781
M,30,54,-1.314806973719993e-06,0.011692468983543937
M,-6,56,2.0295471180120976e-06,0.013379005243874453
M,6,38,3.515410397113406e-06,0.018782715084735807
M,-10,43,7.554249890284967e-06,0.024429303257771026
M,-2,40,1.730402036303931e-05,0.03432594849474251
M,-8,53,1.670666175396846e-06,0.025258227322703587
M,-24,46,2.5900810477977025e-05,0.031497230476414034
M,-4,51,1.0584797069894786e-05,0.027502754776929823
M,26,52,-9.52945602482823e-06,0.01688127194270291
M,2,53,-7.153363998264023e-06,0.02259391278517064
M,-10,50,3.701814913815542e-06,0.019349438188699764
M,-12,48,3.0092038079074093e-06,0.02133447020134351
M,14,55,-1.1092051310462133e-05,0.020197912339903135
M,-24,47,5.571927284386649e-05,0.036600882238595395
M,-28,44,3.561778762564363e-05,0.02393649933713278
M,-4,42,-6.018829661934353e-07,0.014774972203903457
M,-22,24,2.34811693692363e-06,0.015410526970894385
M,-8,29,1.5235117495984945e-06,0.03434821328647656
M,-16,38,1.2100132728141348e-05,0.027850945031912062
M,-12,14,9.908552473694678e-07,0.008729121789053102
M,-8,39,9.508676627575946e-07,0.014956597077041806
M,-20,32,6.902723915785718e-06,0.01592451493444967
M,-18,37,4.161362312323346e-07,0.013080310859835671
M,-8,16,-1.4026433174647373e-07,0.011931428777902701
M,30,15,4.3684619626940076e-08,0.009342592791234207
M,8,54,9.845903878824804e-06,0.02164713273287272
M,0,23,1.942630495957879e-05,0.03232888740544959
M,-4,35,2.657131963121977e-05,0.042265333067161216
M,-22,39,2.963437799464982e-05,0.026041506484814785
M,-24,33,6.123392965224726e-06,0.023809346495690078
M,-34,31,3.626429280547883e-05,0.023178349989431246
M,-12,36,1.603750969165089e-05,0.024321659475679033
M,-8,38,3.987567349980667e-05,0.02507686154242774
M,-10,44,1.0158005068916348e-06,0.02016984749279739
M,-28,50,0.0005018742893240066,0.05526285141846339
M,-34,50,0.0002574669469180985,0.04180786624228545
M,-14,58,0.000276037578072575,0.07959139144628652
M,8,61,1.9252631340781566e-05,0.0805388547995236
M,-2,52,3.965349296836181e-05,0.04150562604847279
M,-18,45,8.369666078434008e-05,0.03731366806247968
M,-60,38,0.00042289166522291213,0.03505882349023672
M,-6,55,5.694156912490297e-05,0.02721608015647712
M,-10,59,2.7857067861971455e-05,0.03109368827479106
M,-12,65,0.0005465963442009696,0.03419322272150203
M,28,61,-8.277159781546459e-06,0.01229976317288632
M,-2,45,2.8786643489821685e-06,0.013228379768415835
M,-56,40,0.00017006486937123965,0.027110149177107596
M,2,50,-2.265098346063236e-06,0.013060517355619748
M,-8,44,1.3420134504245068e-05,0.02400101893453663
M,-6,42,2.4113153328498306e-05,0.024639306257800062
M,12,55,-1.988869169415338e-07,0.019585663166496903
M,8,59,-7.62129783899387e-05,0.054383496148055266
M,-2,68,0.00014074531911796375,0.05395220642053432
M,-26,57,6.259715401040242e-05,0.04367794124164403
M,24,57,-0.0002807489042687536,0.056167224850894676
M,36,63,-0.00037887291296965494,0.06977782752439622
M,-6,60,7.139630102670845e-05,0.0716377613613685
M,-2,60,-8.2504345745393e-06,0.06988447179928002
M,36,28,-1.7687621055744874e-07,0.009058029865346148
M,-36,42,1.0684015791998482e-06,0.007455856187863639
M,-8,40,-2.3295573207822533e-08,0.020432695550834722
M,-8,58,1.8382804772536966e-05,0.029394170009424476
M,-24,27,1.370886834026057e-05,0.02316415029032943
M,0,28,5.031740467113951e-06,0.026850701284572072
M,-18,35,6.359773457912303e-06,0.017544872490689454
M,-28,32,2.7735043089408995e-05,0.023160111076352186
M,10,60,2.2822771034737277e-07,0.02632827680179845
M,0,42,-5.195361013096466e-07,0.020646913974751293
M,0,41,4.947919092270553e-06,0.027820720969434717
M,0,56,3.7862901444983855e-05,0.03235677398847423
M,-4,53,1.962840701741238e-06,0.03213147578645737
M,-12,32,5.8025107401016656e-05,0.03618477641712485
M,-54,28,1.2260814261229421e-05,0.013899561608930272
M,-44,37,4.1641763093128036e-06,0.010672132485280492
M,-56,39,0.0006177889632991055,0.027329204292093075
M,-46,44,6.069529846905262e-06,0.012711298143641327
M,-48,44,2.846557351908651e-05,0.013728580895398893
M,14,58,2.562699251844207e-06,0.009087966476740176
M,-70,29,0.0032563710531170534,0.03510393714790793
M,-40,18,1.3064002158350883e-07,0.0062365272532704545
M,-4,46,8.946605301563392e-05,0.04155230971871976
M,-12,45,6.908889834110303e-06,0.04260470684278673
M,14,41,-3.1122748828221434e-05,0.03967993594438412
M,0,40,-8.982131937688805e-06,0.040378125058129
M,-20,29,0.0011417866291381163,0.06158690512944958
M,14,47,1.1811619597778203e-05,0.04213763608429614
M,-12,31,5.597449252147845e-06,0.035833917868579944
M,16,54,2.5587243026544917e-05,0.047602325245190855
M,-16,32,0.00010099203322049146,0.04424661228464504
M,-60,40,0.0008828810767278758,0.041454920964771665
M,14,29,2.0908063761768395e-06,0.032109683010653985
M,-2,31,1.112340961180608e-05,0.035671420622932645
M,-20,25,3.7674387276583747e-06,0.020054686820664122
M,-8,37,-9.67477580918951e-07,0.02007825389242546
M,-20,33,4.098499171746097e-06,0.02038746114500619
M,14,29,8.106334975979552e-07,0.021481957331594637
M,-18,33,6.2206165570169974e-06,0.015709556263482173
M,-10,31,4.5766973150012784e-06,0.01626146853078975
M,-24,41,1.1080197519194343e-05,0.017686097850850027
M,-14,35,2.894116922881779e-06,0.022683397688542186
M,-2,34,6.659646555817643e-06,0.029922876050778435
M,-12,13,1.0535547627618029e-05,0.033303389817366254
M,0,53,3.427398941778523e-05,0.028075455070806696
M,4,24,1.8889095755293547e-06,0.02114132742315741
M,-68,28,0.0012195896382773395,0.045691055147408906
M,-36,48,7.839594969111214e-05,0.03204047036509099
M,-46,40,0.000324293925791085,0.044105006803438165
M,-48,33,0.00035768998657988084,0.03762069039849968
M,-14,53,3.790951539289077e-05,0.031167321957331115
M,-12,53,1.6037872742189165e-05,0.030913061920732433
M,-44,46,0.0006065394285278612,0.04238267637661803
M,-56,36,0.00030801927158954505,0.046864573134796195
M,-38,39,0.00024972560734579606,0.04516716268056339
M,-8,56,1.2570009182551683e-05,0.029257462722831248
M,-44,46,0.0008971401315532157,0.05426412807433872
M,-46,33,0.0007014074296594765,0.03516192793656399
M,-22,45,6.650139807858543e-05,0.028340083585688913
M,-28,49,4.452479676021774e-05,0.03431607996467912
M,-10,44,3.74628245565353e-05,0.026514003520655974
M,-8,46,0.000263583273917926,0.03440318493897789
M,-32,51,0.0002390686929147158,0.033141663922309855
M,-46,47,0.00024839257711323427,0.025154387542249575
M,-24,57,0.0006551617776517348,0.04021443342757035
M,-2,47,8.34810657495476e-06,0.029313573515072612
M,-26,39,8.488081808511937e-05,0.04496128946704304
M,-18,46,6.499950495304194e-05,0.04200091689680657
M,-38,49,3.909057101609053e-05,0.022189382901820837
M,-30,56,0.0003515134547751795,0.02817212578579823
M,-36,45,4.277997747863477e-05,0.032133985546879226
M,-48,37,0.00016116453725028012,0.03519519652053268
M,-26,53,0.0001034248578183273,0.03157114919218357
M,14,67,-1.536863674627944e-05,0.02918546547017703
M,-28,44,0.0001490272821732148,0.02651400415569117
M,0,51,7.700901138554508e-06,0.02367941513271886
M,-28,44,3.3341814247561254e-05,0.02972659008636583
M,-6,51,4.140430387163174e-07,0.03087703926274063
M,-14,45,3.968261311964595e-05,0.035597788401282054
M,-28,56,4.384560842055331e-05,0.03061337372203156
M,-4,42,2.6926066505566383e-05,0.045256133419208436
M,-8,35,8.658250875998591e-05,0.042717977318675084
M,4,55,-5.790082218962567e-05,0.04768926924064225
M,10,62,-6.687386433280887e-05,0.036747333780535636
M,-30,55,0.00011881088835639511,0.05111520290359543
M,-16,47,9.719455399195041e-05,0.06537298949065466
M,-6,43,2.0601650896948053e-05,0.0438196446617412
M,-4,17,-1.7170118974245586e-05,0.03946084040922119
M,18,32,-4.176625834232358e-05,0.04051531864175698
M,-10,31,6.174007651306165e-05,0.03689399078948465
M,-12,28,8.93115995933569e-06,0.041945597387249046
M,24,51,-0.0002815877961440792,0.048183675101031415
M,-6,43,-1.0880475158380806e-07,0.04500599464864033
M,-10,45,1.5505762921927003e-05,0.039237249454825915
M,-4,38,4.426833308577741e-05,0.036708337396365455
M,-24,29,3.1966893945410696e-05,0.03567767785631219
M,-6,42,4.701025388315677e-06,0.04313568822053168
M,-2,57,8.26630322079406e-05,0.03967793548574905
M,-20,40,4.6985790998657414e-05,0.038091489121172835
M,-6,41,4.340786155766038e-05,0.03646782100787109
M,-20,43,3.7483579716776875e-05,0.03791253459911518
M,-14,43,4.0478916932434536e-05,0.03711923520182263
M,-16,44,4.287449934446021e-05,0.03704189707958287
M,-14,40,2.564157226864117e-05,0.04082402132621201
M,-14,49,2.9728857822079057e-05,0.03669868694742472
M,-18,50,6.729874064003767e-05,0.03651734097838867
M,-22,49,6.673402943389078e-05,0.04482731214922338
M,-10,54,6.633996268919967e-05,0.03870259332715434
M,-22,47,5.786414352528871e-05,0.03953684142590761
M,-28,41,0.00012838206271941554,0.05150455145092887
M,-36,47,6.361426953642664e-05,0.03688953216271782
M,-24,55,6.06026128625221e-05,0.04550632949530543
M,-20,53,8.177363830344933e-05,0.046064124297103805
M,-26,46,5.819766625841671e-05,0.04426140906662326
M,-30,52,0.0001115314044048352,0.048693268838648614
M,-40,45,0.00016506338614809623,0.04152635594102583
M,8,59,-8.288846052921199e-06,0.029691388193740346
M,2,72,7.209413879630497e-06,0.027454694315702653
M,-8,40,4.908793607143067e-06,0.02079418884974679
M,-28,51,1.4448567926274376e-05,0.02023547331251732
M,30,79,-9.457198678225916e-05,0.022911634268221057
M,-4,46,9.674658962043444e-07,0.02464126951699113
M,-40,52,3.5912986541554765e-05,0.020282000579310476
M,-50,53,0.00012091025436656678,0.022155834190646508
M,-2,53,2.9732422805578616e-05,0.03312575686210597
M,-24,48,3.739095782794876e-05,0.04144480498541002
M,-22,38,7.532745123896478e-06,0.02593112619409992
M,-56,43,2.5162171992285344e-05,0.0345831181854089
M,-6,39,5.202419930764106e-06,0.034114508978694745
M,-32,48,8.650027400633962e-05,0.04410921864079754
M,-50,33,8.248992127658343e-05,0.041827058352654635
M,-50,37,7.668511061433414e-05,0.040673055644592254
M,-18,40,3.0452343544098973e-05,0.0333499474619643
M,-44,47,0.00016291723769264527,0.048630252807889456
M,-32,35,6.672897339601316e-05,0.038456432263444876
M,-48,35,0.00011334116501201227,0.046152710584491136
M,-64,33,0.00019404503700055442,0.044607608598082396
M,-12,50,6.085974396531675e-05,0.03714144049657897
M,-16,42,5.2616437294715384e-05,0.03560608784602568
M,-14,39,0.00010896472904317007,0.0410486671452742
M,-36,42,7.51601915949451e-05,0.036869763659688366
M,-30,47,9.094356199747606e-05,0.04451857245226185
M,0,43,4.482110620648703e-06,0.03879149070196206
M,-24,36,4.558095335710364e-05,0.04067724434980887
M,-12,47,3.7231699384559214e-05,0.04237852195991183
M,16,55,-2.8948420496020028e-05,0.03888518042376319
M,-8,43,3.8239009805135474e-05,0.04389500738665788
M,-28,43,0.00015924462483053292,0.04684327115041998
M,-20,41,3.525683664732544e-05,0.043776632328620085
M,-8,48,5.531301413164845e-05,0.04485936619466225
M,-56,27,0.001304081357528414,0.05276724698321949
M,-40,40,0.0005467703137657156,0.04233675651368868
M,-26,48,0.0010260867335641153,0.06842316438023978
M,-22,39,0.0007275067106877069,0.045437460574078416
M,-40,47,0.0017475990583952978,0.05395084251868086
M,-36,40,0.00016475388669842314,0.0426854929214689
M,-14,59,0.00036643089804822975,0.04721346758538113
M,-38,48,8.206802509827662e-05,0.03716248710032657
M,-14,61,0.00011636070788505124,0.031180607967243305
M,74,0,-7.431641375854252e-06,0.015201968182026734
M,20,10,-3.002116303184691e-05,0.02768752327566386
M,22,71,-0.00022534625955340697,0.045020799576067666
M,72,0,-0.00036409195209370214,0.026720031722790295
M,26,55,-0.0001344860480046175,0.04287417203331325
M,54,74,-0.00012707547884818453,0.030014263355645762
M,-20,56,0.00030396348507196174,0.032250823825407546
M,0,30,2.7886409327940087e-05,0.03312848352796516
M,-28,52,0.0003431053308669545,0.05342128905338519
M,-18,48,0.00031769038422031087,0.05183266082195682
M,-44,46,0.0007898428821469731,0.055100104981853255
M,-2,46,1.2834571610102404e-05,0.034696822667496845
M,-30,44,0.0018121041414245244,0.061889639924172735
M,-14,42,0.0003725284799869586,0.05218882854221036
M,-42,46,0.0017831071059860033,0.06115507254288664
M,16,64,-4.353880570197417e-07,0.00960088356546376
M,4,35,-9.884790487114624e-08,0.009060024283041177
M,-32,31,2.506054532412168e-06,0.016401236006040064
M,-30,20,1.1633882423150675e-06,0.00897718472951874
M,50,28,-3.170207195425515e-06,0.011086009461392482
M,-30,38,1.6902523242808035e-06,0.011335767269418704
M,-8,40,-4.901852503012131e-07,0.01030991816792703
M,34,49,-4.2657942092051624e-07,0.009033281141151896
M,10,35,-2.991434043618011e-07,0.010172712914627315
M,-8,17,3.2377203095548666e-08,0.010158623597841289
M,-28,23,4.278300442938871e-07,0.012754164406341594
M,-38,29,9.234801297473803e-07,0.01023076704943284
M,-32,52,0.0003274194522310597,0.04248636583678563
M,-2,60,0.00010159316798302411,0.04648309226070961
M,-24,52,0.00012026779227412382,0.03779080232542669
M,-30,51,0.00018512276780195883,0.03704591942930611
M,-18,55,0.00011254618851016932,0.04376801050020061
M,16,48,-6.222238439986525e-05,0.05990722430721502
M,18,49,-6.574354394126122e-05,0.04864055823894561
M,-24,49,0.000113209373564571,0.03626693205546143
M,-22,58,0.0001096507167112928,0.03977574989794099
M,-26,61,0.0001926721034283359,0.04181581255011783
M,-20,55,0.00027506785511855164,0.04722322357360026
M,-32,47,0.00018104708524389844,0.0435051785729985
M,-4,43,2.4713895184232797e-05,0.05467870437570529
M,-30,36,0.00010486685613431436,0.04496558015129907
M,-24,48,5.890735872126399e-05,0.03196462937195975
M,0,51,0.00015128152511994857,0.04222746040734823
M,-40,44,0.0008906094539622494,0.058076626247684456
M,-18,36,0.0009950060163471063,0.06322528330565134
M,-30,45,0.00019069469822429407,0.0439892223959612
M,-10,48,0.00079577189296965,0.06750909039487397
M,-26,42,0.00029395530630822356,0.04210865687040557
M,-20,44,7.738646701954042e-05,0.02329623620140827
M,-18,55,0.000551851557916772,0.0486919311928748
M,-24,42,0.0004253537963769512,0.042993861342487866
M,14,42,-5.906692747586473e-06,0.030261535746716625
M,12,56,-1.5365790318083956e-06,0.030255864145808543
M,14,48,-1.1210513970847171e-05,0.042349937157379336
M,16,55,-5.501738269939509e-05,0.038031043822386375
M,8,57,-1.8392103137405005e-05,0.04230085501107992
M,-26,44,0.00012708396147919057,0.04490297910534636
M,8,40,-2.4796265036989718e-05,0.040762737330183284
M,-8,46,2.2413787577077424e-05,0.048401567617506275
M,14,47,-4.5554083551455906e-05,0.05246251174789569
M,-10,48,9.851031827598299e-05,0.05449571251261364
M,-14,51,7.950860578300801e-05,0.057448120254551156
M,-12,50,5.435376017606312e-05,0.04649302872189491
M,-28,47,7.215185013955856e-05,0.03953907724343158
M,-36,41,0.000305147159951418,0.048917729504870285
M,6,51,1.9761282731535556e-06,0.032772995347944464
M,20,52,-1.2752395308462367e-05,0.029501106607375708
M,4,50,6.078760123675613e-07,0.02571767313153334
M,-2,42,4.379038500868034e-06,0.028840927843261806
M,-2,56,3.889493927450265e-05,0.037895088051377625
M,26,39,-8.88790510033156e-05,0.03128735683690993
M,16,46,-2.7821252950217284e-05,0.037328189366529915
M,20,47,-3.2430800500053735e-05,0.03292363950949184
M,18,0,-3.4939752891176626e-06,0.024435928433777225
M,8,0,-5.788027035986631e-06,0.026643961880974825
M,0,0,-4.850739409739332e-06,0.02583503677729507
M,30,3,-2.611286175761603e-05,0.024633125680935116
M,22,0,-1.5168459489900494e-05,0.02824350706468645
M,22,0,-1.701154972164652e-05,0.029105622683877473
M,18,1,-2.834701247986825e-05,0.0291536808300318
M,14,5,-5.388492907350134e-05,0.02981931429166718
M,8,1,-1.4891566548656063e-05,0.02613597101571787
M,16,16,-7.981255217708327e-05,0.030837584168787062
M,18,3,-5.0054740688647296e-05,0.032479247596548085
M,24,0,-6.044671686607795e-06,0.026924772093574134
M,6,38,-4.587303824064689e-06,0.03628907425072785
M,-2,48,4.698747380508376e-06,0.04462186717827708
M,-16,40,3.4902820064080717e-06,0.041826056168987505
M,4,42,5.9009933069062736e-06,0.0354263240977926
M,-2,55,1.7474638475319854e-05,0.03555883748942374
M,0,52,-9.768825492787935e-06,0.044063517356852114
M,0,44,-8.898387663826933e-06,0.04019235183689765
M,-2,33,8.399592170021173e-06,0.03643171301704981
M,12,31,5.901628439391268e-06,0.03645819672381792
M,0,37,8.420501667938215e-06,0.03668003019969638
M,-8,42,5.4875848854164076e-05,0.03177782845611303
M,4,49,-1.1420010213195096e-05,0.03907262671863376
M,-38,41,6.155462753384012e-05,0.02704617631682131
M,-20,37,7.718008137473864e-05,0.03447306236310922
M,0,36,1.6279400127778686e-05,0.03903699328870419
M,-8,30,3.913087479500563e-05,0.03144895531635229
M,-16,42,4.4565115932591067e-05,0.04078321156000894
M,-18,34,5.612256968612338e-05,0.04376529680214711
M,-22,43,8.199290174172033e-05,0.03441443459287315
M,6,43,7.240338738485226e-06,0.030119405553034738
M,-22,26,1.049374548271391e-05,0.02973733116620389
M,8,39,1.3143571695217804e-06,0.03881486762710829
M,-20,40,5.7659003921646365e-05,0.030187230740167523
M,-10,40,4.0689796899758824e-05,0.040411839826772114
M,20,39,-0.00035206229816440386,0.04393082477023928
M,0,23,-6.833375547751354e-05,0.042541680885492004
M,24,25,-6.292647754850077e-05,0.038301355096851376
M,0,10,-7.216416226914599e-06,0.03697617459754132
M,8,11,3.9865613747205785e-06,0.02699612977498323
M,26,7,-2.2288326059177004e-05,0.027791345814012255
M,-2,27,6.328548673577737e-07,0.042557056308151785
M,8,23,-4.277922269121716e-05,0.03199999020394555
M,2,24,-2.2360594225699926e-05,0.040580314991586264
M,-18,19,3.2117628840437965e-05,0.03226602183034808
M,16,30,-5.815028214765972e-05,0.044501004224714216
M,18,27,-4.610206229911036e-05,0.04447799125716901
M,-8,49,4.9534557038800164e-06,0.028172836507340347
M,10,37,8.04426005877101e-06,0.0338477569912544
M,-10,48,1.6752400739265043e-05,0.035882856163493085
M,2,56,1.7369809970448903e-05,0.033202733820395104
M,-32,41,1.3923504271336228e-05,0.03092693704348416
M,-20,40,5.3542566809551365e-05,0.03501431809873799
M,-10,38,1.4176779837406059e-05,0.034356946494131256
M,-18,38,1.1690740023533973e-05,0.035671782968007014
M,-8,34,3.237617320003634e-05,0.0355803487020362
M,0,52,1.3813404863660499e-06,0.034294264383739795
M,-2,52,1.5974212856178277e-05,0.03223961890521228
M,-24,47,1.250863266019597e-05,0.03351623080246535
M,-36,39,0.00027800372657094005,0.03970740513062632
M,-36,43,0.00033550612490797357,0.05381182936306411
M,-70,26,0.0001190202749375981,0.021778318367220235
M,-26,27,1.1710209596698694e-06,0.010178291717041587
M,-10,35,4.904191198229975e-05,0.04415655394790009
M,-6,26,2.8658160858896985e-05,0.02963431609209783
M,-14,23,2.3235964358403973e-06,0.015469569093191242
M,-26,37,7.0770440270273286e-06,0.023874480124848618
M,-10,46,4.455691542724617e-06,0.022606387765423893
M,2,70,-1.0321117535385639e-06,0.010414826148282147
M,-22,42,3.990742704517976e-06,0.019963373572834342
M,-74,24,8.80351360840625e-05,0.023720220230995556
M,-26,52,0.00010033551680180326,0.02541637816484486
M,-56,28,0.0001593683869022857,0.024610932171549468
M,-34,50,4.051352021402665e-05,0.023845169662195628
M,-32,53,2.0708055644696946e-06,0.019042078046126155
M,-8,56,3.86008272697143e-05,0.03206554944318739
M,-4,57,9.548784392327355e-05,0.03379451733687516
M,-20,57,6.476190219178778e-06,0.018649415812211367
M,38,68,-0.00013046517226688868,0.036302297971352905
M,2,69,2.0641611728012515e-05,0.01782670995785505
M,20,42,6.654962756487107e-06,0.02155975130483163
M,-40,51,0.00018532871663164588,0.02360128101167157
M,-4,53,3.220949862717787e-05,0.039315275365441
M,0,50,3.209430188040893e-05,0.0362935531152682
M,-6,59,2.7968825917866356e-05,0.03765583036948396
M,-28,34,6.6422693731399185e-06,0.02140782882311371
M,36,26,-1.1889887635264433e-05,0.02077221044679485
M,-36,39,4.509602256186908e-06,0.01498529852533914
M,-66,42,7.88545831629856e-05,0.022597539007157448
M,-8,40,1.1474619691244493e-05,0.02151976534683417
M,-14,48,2.5023675604572633e-05,0.0313583144732115
M,0,41,9.27612075347848e-06,0.026865161867081867
M,-2,48,1.775522604039065e-06,0.023913091676303337
M,0,45,8.329825134820878e-06,0.02984100585047152
M,0,57,9.36215904145199e-06,0.023352939831516754
M,-6,50,7.080108621208556e-06,0.03268026273417422
M,-12,42,6.921729901440753e-05,0.05202998174723091
M,-8,39,5.294809594955207e-06,0.023803330761263206
M,8,36,-3.7851628808096006e-07,0.025516370525393177
M,-12,47,1.1384589658440646e-05,0.027611572314897515
M,-10,26,9.719831933493239e-06,0.02674127150066911
M,-14,42,9.986945126142572e-05,0.03813751453926995
M,-10,38,2.7711966731391746e-05,0.0340416027255712
M,-2,43,4.013266767465035e-06,0.03423304967019646
M,-16,44,5.147388155180633e-05,0.030222495396570397
M,24,42,5.808532691061554e-06,0.024078122764868478
M,28,66,-7.331897900521354e-06,0.02263627662559389
M,30,72,-2.5016200033128433e-06,0.015533662843709085
M,10,52,-2.4110199539922432e-05,0.028304866341867643
M,6,71,4.393994512719424e-05,0.023545724198745403
M,18,70,-1.2478374942392909e-05,0.023300168383224597
M,16,62,-1.0139078891517373e-05,0.019320174268960422
M,14,64,6.351246537933766e-06,0.02000479354211799
M,4,66,-1.003600103081661e-05,0.0193136280134635
M,6,47,5.8220151855818005e-06,0.022277972969656643
M,-14,52,-8.01996841578309e-06,0.021054574100604677
M,8,40,-9.188760044164868e-07,0.019315398440338746
M,8,52,1.4841829090229634e-05,0.037064531194048574
M,-30,37,8.534030016822871e-06,0.024049972079708947
M,-38,38,4.987417537956462e-05,0.031203360518024876
M,-14,40,9.376715423089998e-06,0.025724697294079522
M,-16,36,5.281762168387102e-06,0.022989024273391577
M,-22,34,9.00381475720602e-06,0.028901574790456797
M,-20,37,6.146032245482961e-06,0.026529207564024285
M,-30,37,7.651931805524756e-05,0.034281186695064955
M,-16,48,8.883364858798857e-06,0.029241581641863735
M,4,49,5.154850256952972e-06,0.030685490470923883
M,4,30,5.081524997350684e-06,0.022399993419651626
M,-18,40,3.5305375196449772e-06,0.0264324598356198
M,-44,42,0.0005261279418676736,0.06386310177191121
M,-20,52,0.0001245387588848042,0.04204735798967412
M,-30,41,0.00024480363438074713,0.05022223949319947
M,-44,31,0.0008316822422961152,0.06194426110711747
M,-14,44,0.0001739638573963028,0.05769357372100021
M,-22,54,9.108474685026465e-05,0.04880126513728774
M,-8,60,0.00017854247467306516,0.052084164710024444
M,-12,60,7.808631020663249e-05,0.049402386960503655
M,-16,53,0.00015798137124635865,0.04787545085893114
M,-52,33,0.000847860957845955,0.05676888013537738
M,-30,45,0.00046182434813550984,0.058487807772523555
M,-36,43,0.00028637014734862217,0.058612927110894185
M,-12,37,3.193559575753492e-05,0.045636589903554126
M,-28,35,8.119531245351925e-05,0.05136337499993983
M,-10,47,2.7989439167222325e-05,0.04144752913874909
M,16,53,-6.4243403545187485e-06,0.0441538509132221
M,-20,40,0.00010590597717942033,0.05103706397738809
M,-8,30,5.643376013945815e-05,0.050448515536944426
M,-4,37,4.0370679556258414e-05,0.047086513902379536
M,-2,38,5.976555577562874e-05,0.04911987593409579
M,-10,44,1.1579348671685366e-06,0.0444622499871529
M,2,47,6.774883396930962e-05,0.04094968777440138
M,12,46,-3.304944243394898e-05,0.03710228443346228
M,14,37,-4.541001946264745e-06,0.039050989886148024
M,-20,54,0.00017324569395751028,0.061572939261639634
M,-2,69,2.5108478987160757e-05,0.04571743789717964
M,4,43,1.93376954508712e-05,0.025713383291123135
M,-12,40,2.0832344093021613e-05,0.028227263072104367
M,-4,38,5.314153998846768e-06,0.02434901923066832
M,-8,48,1.6030346613893814e-05,0.02571646999260898
M,18,45,-1.3305828729413865e-05,0.02311050120729134
M,-20,41,2.1687770852439935e-05,0.01891971347814558
M,-16,48,2.5083073557828015e-05,0.023494209368271814
M,-10,46,2.9746582069359647e-05,0.029536294520782613
M,-6,36,3.539339787627453e-06,0.02735001663940477
M,-20,35,3.538412626245343e-05,0.02706446656480024
M,6,45,-2.6321957316275704e-06,0.0262469177046889
M,-12,40,1.3573292720069204e-05,0.024468648109036303
M,32,67,-0.00024758052682553406,0.05107693023512934
M,-16,55,0.000180986531641646,0.07822510400350363
M,8,54,-4.1735489930315256e-05,0.07196508989294428
M,-2,47,3.466786092048657e-06,0.05866144898252827
M,-14,59,4.3912748408047126e-05,0.05402922090734963
M,18,70,-0.00018540160873362207,0.070755059059794
M,-20,61,0.0002207008484994248,0.05854056501150444
M,-26,55,5.204294822435517e-05,0.04525637595829005
M,-28,41,3.151465540063863e-05,0.027887288883354875
M,-24,40,5.802573867870166e-05,0.03394081713051562
M,-30,49,1.4362300076043343e-05,0.025661268029266018
M,10,30,2.5341035195332066e-06,0.022903269680560143
M,-30,37,5.664774273417319e-05,0.030659449855312156
M,6,64,4.258020313178969e-06,0.026547319072128865
M,-6,38,-8.482598696898655e-06,0.029609139301759905
M,-6,41,1.7103338512582686e-05,0.027347493515592992
M,-2,52,4.710492487296824e-06,0.03148411927532135
M,-12,48,1.8040946840243735e-05,0.026231944914125765
M,2,26,-8.349348113867337e-06,0.021441915637661194
M,-16,38,2.0911526084019823e-05,0.0262844998533786
M,-10,45,0.00014904697187261034,0.04447112793907273
M,-22,37,1.4964495094932973e-05,0.04062213773089951
M,10,34,1.5952828314734453e-06,0.036361979769778896
M,-20,38,0.0005064215739462107,0.0661340738116017
M,-50,46,0.0006271513562934397,0.04351877491800804
M,-38,38,0.00034921508429041557,0.04321364712502396
M,0,32,2.23063407765557e-05,0.031325235931951446
M,-18,41,0.0002045505521444213,0.04636329606442021
M,2,51,5.683229478921199e-05,0.04106461629682831
M,-8,35,3.945357815932894e-05,0.041984370364556
M,-30,39,0.0005357201719261714,0.04980640883504803
M,-8,38,2.875826801889465e-05,0.0323123187227267
M,-10,46,0.0001336865701716792,0.06922487278216109
M,-12,50,0.00015834636528916284,0.055833528850528356
M,-24,46,0.00012735354551568118,0.056620695434064
M,-16,41,8.275859264334633e-05,0.04046106176834396
M,-6,42,0.00021991875564357353,0.07085327684052267
M,6,40,2.984036046571582e-05,0.06178023330570484
M,6,48,-1.1329637069464595e-05,0.055827994800356946
M,-6,37,6.233562977377337e-05,0.053641901022758114
M,-4,59,5.870070007616992e-05,0.053535233061612945
M,-2,47,4.3603044656641004e-05,0.05077149307162313
M,0,51,8.280929315363497e-05,0.05886091142954543
M,12,52,1.7703668221220463e-05,0.05944326044209023
M,-18,17,4.002234936551583e-05,0.036375231345716484
M,12,9,1.2111557650213458e-06,0.035190796321534296
M,18,16,-5.511614647648816e-06,0.04045769596037245
M,24,14,-4.281698065653282e-05,0.03153409917497684
M,4,13,-1.2224486305909616e-05,0.03520227011900782
M,-32,39,5.983828768102248e-05,0.04218178384626092
M,-28,50,9.587428911929935e-05,0.04192412017285265
M,-24,35,3.296510270822183e-05,0.03751748253611769
M,2,29,1.899339126912781e-05,0.03467474369125468
M,-20,39,0.0001231584078707672,0.042581244152079034
M,-24,43,8.50038492219258e-05,0.04544526857988791
M,-46,36,0.00024313952995158394,0.042019085067559185
M,-40,40,0.0002934119952650135,0.050868406851706065
M,-26,36,0.0003582990741172681,0.04667552246693294
M,-34,39,0.00013257610671174952,0.04142828473262623
M,-26,39,8.976619436731542e-05,0.036519813793731204
M,-16,45,6.885879068856185e-05,0.04340047393519186
M,4,17,-2.9305107565857434e-06,0.0417612365396847
M,-22,15,0.00011051150212014617,0.03940558973082879
M,-2,17,-1.1811837671507916e-05,0.03705349444287436
M,14,17,-2.1841146826322074e-07,0.04673926758205399
M,22,17,-3.8591555778443663e-05,0.04348893651118735
M,-12,15,1.1552312440193608e-05,0.04228578351510868
M,14,25,-4.232731880898026e-05,0.04722267809178946
M,16,69,-7.174744037646463e-06,0.019580556410584458
M,-18,46,3.3568131219399112e-06,0.016869802627612108
M,-4,35,3.330432382149264e-06,0.02003618111032198
M,-34,37,3.4875792092108294e-05,0.021170207148681158
M,28,50,-5.962939256950082e-06,0.014861612877652294
M,-36,36,0.00012240118743627693,0.03182288826527706
M,-24,32,1.4975336676523398e-05,0.02534876669166899
M,-22,24,1.051069687826854e-05,0.02577655950945333
M,-18,46,9.949689177331715e-05,0.03912209826216561
M,-34,39,4.987031596987573e-06,0.016772229197216854
M,14,64,-5.588000809903212e-06,0.023254935901499848
M,-26,50,7.392574010022206e-06,0.022323971711987693
M,-10,48,3.6739511380889296e-05,0.03741123079226586
M,-10,47,3.208067112921588e-05,0.03707829765269867
M,-12,39,6.910623136779798e-05,0.040968667605856726
M,-10,51,4.437147785226105e-05,0.043709524924452486
M,-26,50,5.828757645065529e-05,0.04644561625969125
M,-4,44,6.914105453394873e-06,0.03029273155179946
M,-4,49,3.205262140883469e-05,0.04094773318401271
M,-16,50,6.756085684261158e-05,0.03672397602900248
M,-8,45,2.8854237414857205e-05,0.04169893214128865
M,-14,44,0.0001272809906162376,0.04450745591076265
M,-20,42,4.647426944577752e-05,0.04292739310612758
M,-4,55,8.650885677663858e-07,0.03868365197278889
M,14,42,-1.4639089581577162e-05,0.03430778727035023
M,-14,38,4.1455082387526585e-05,0.03271025588021118
M,0,26,-1.3826048785063159e-05,0.03848735424368393
M,10,36,-2.7544568825895423e-06,0.031289872802106884
M,-6,49,2.22958940010795e-05,0.03241970033482706
M,-12,29,1.5143843293852223e-05,0.0370323331640973
M,-8,46,3.842956226483682e-05,0.03582556319518335
M,-14,30,2.446078518709207e-05,0.038397921879556714
M,-10,33,2.520298577816398e-05,0.036243086380497024
M,-24,36,4.5656327191691964e-05,0.03414484961877624
M,-8,37,3.955022352962122e-06,0.03234490784946834
M,-20,29,1.497827417436156e-05,0.037624789308305234
M,-70,30,0.0028209995828367826,0.09109229543519975
M,-56,38,0.002905513214080596,0.08790887376349539
M,-26,37,1.245862493639684e-05,0.02020567213666949
M,-10,40,7.85302219887413e-06,0.024750573601226882
M,-44,32,0.00019893317881217683,0.03381652130300524
M,-36,37,0.0015827327395973687,0.07391410365101901
M,-48,37,0.0022732550978812813,0.08714544547902586
M,-68,34,0.0035713487497644834,0.08650408515943467
M,-70,38,0.002668430803590096,0.08194371276872711
M,-50,33,0.002172852656093896,0.07599202804220292
M,-30,34,0.00017819358863473218,0.03693715887883217
M,-58,31,0.0006015379642061667,0.03448986437993096
M,-4,46,3.2123749257729022e-06,0.021337947254168863
M,-6,28,3.870775250773282e-06,0.019893704966686507
M,-14,33,5.500579447341317e-06,0.021175417546561316
M,-10,30,2.3182158360067127e-06,0.02367857099167938
M,-2,20,1.3418884430894466e-06,0.020786647921836186
M,2,35,3.255018330810851e-07,0.019167430674869996
M,-28,26,2.2204830431919694e-05,0.023123590151219453
M,-32,29,6.52411313501685e-05,0.023903053841037865
M,-2,11,-1.6172136868036094e-06,0.017806431933597888
M,-14,40,5.754368976653262e-08,0.018428257610625998
M,-12,20,1.743379071039712e-05,0.01909053333743156
M,-6,35,1.0916402115840797e-05,0.028762975638113527
M,-24,39,1.7687311526370257e-05,0.0280797073134939
M,-40,26,8.279187661373955e-05,0.02943792457678705
M,0,43,-7.660905876309272e-07,0.01712016146365399
M,-40,25,1.759257710923263e-05,0.016370012512463932
M,-28,28,7.907908145065185e-06,0.032181512975954576
M,-8,30,-1.0483000898266004e-05,0.030006524578684857
M,-16,27,7.480553114897113e-06,0.03196085530456998
M,2,27,7.076729009108825e-06,0.033707599781843796
M,0,56,2.1410534632163402e-06,0.02786752492729982
M,6,52,-1.1932432935495485e-06,0.012432903490259245
M,-6,46,-3.8559665276743754e-08,0.012149086387959715
M,-14,46,1.4867968659062855e-06,0.01891452985557518
S,-8,51,0.0008445259171936698,0.058801717402000145
S,-52,26,0.0036899765216138816,0.07207292909505347
S,-26,34,0.001063825419132325,0.05837782729009189
S,-28,40,0.0008942115829199024,0.046616008380700326
S,-84,27,0.002840751389694572,0.05796948378916295
S,-78,28,0.0012072554467948233,0.057222341252789105
S,-92,29,0.0030211193383114718,0.06340668581096759
S,-46,45,0.0005139643940332484,0.03767559651698095
S,-24,54,1.9891939983046403e-05,0.02124370735180615
S,-78,28,0.00016010802520747573,0.013076315321352422
S,-14,53,2.3221156366656473e-05,0.021366048274926008
S,-124,16,2.336333802197401e-05,0.011488126060480301
S,-56,47,1.4466942700394578e-05,0.013707934831315275
S,-68,35,0.0015175003590492478,0.06292851185844497
S,-88,26,0.0069775214885820286,0.07464149837424199
S,-32,40,0.0016601643958540247,0.07106156164920106
S,-96,27,0.005249701762216094,0.059278972795124486
S,48,67,-8.995232467183898e-05,0.031100741449218903
S,-36,38,0.0013154456767143362,0.045665209256638
S,-30,46,4.519097139386198e-05,0.03213633550628605
S,-22,47,0.00020419261847946435,0.04114162212755264
S,-20,52,0.0003710459051701539,0.04912762511531446
S,-62,32,0.003348850308366546,0.08403644470332707
S,-28,58,0.0001329407054654569,0.030273260106201027
S,-56,42,0.013066563797113222,0.10425290851976174
S,-28,52,0.0020839741710215135,0.10381242270505694
S,-30,53,0.0017064754035435665,0.08774077611628829
S,-62,37,0.007685816303739459,0.08727874379741787
S,-26,51,0.001227177433770787,0.08109616276610697
S,-20,51,0.0018858435658834975,0.08946323239038412
S,-76,29,0.011822411986780397,0.10599225523640199
S,-42,50,0.0015772390164814996,0.09064813076985201
S,-30,49,0.0008525652628822426,0.08113836892150128
S,-30,50,0.001654393091054941,0.08094163601919144
S,-2,62,0.00018886613628080708,0.07526512945998907
S,-12,54,0.0011611500607767633,0.09409268427322545
S,32,50,-8.240041323657968e-05,0.06559956480606662
S,8,55,5.325501783606716e-05,0.04614822260833363
S,-18,52,0.0012756975171353076,0.07486272735109539
S,-54,42,0.004010391197322315,0.0903762355813961
S,2,54,0.0001819182025357098,0.04782793763699712
S,-24,48,0.0016837492594299775,0.08011443452006971
S,-26,40,0.0024612317867971473,0.08136321059341972
S,-60,39,0.0038220956000370398,0.10280083647524478
S,-64,41,0.003606734104180922,0.08185916652802762
S,-24,46,0.0012385244795474794,0.07301472351481973
S,-22,43,0.002547452663313627,0.07348605567921379
S,-38,46,0.0009199191428438755,0.05325640159649049
S,-22,54,0.0005450577080110564,0.08587869444155104
S,-68,39,0.004195199818394892,0.0773742158500117
S,-26,51,0.002938733502339126,0.07207225594919635
S,-32,44,0.00430105536930636,0.07790943756662581
S,-64,37,0.0034592569143791583,0.07893898529135995
S,-44,40,0.0007599895137832866,0.07243182417485673
S,-36,44,0.0019234724195605329,0.07825197148975423
S,-34,46,0.0019829427376094797,0.08490988854074892
S,-44,40,0.003826284865078374,0.07995018337419722
S,-6,47,0.0009912261747738753,0.0763808461722306
S,-42,40,0.0038364487009552094,0.0931900835418819
S,-60,40,0.004802194977976442,0.08046376095161831
S,2,50,6.0553653283912746e-05,0.035941152579900014
S,28,51,1.0349811825416531e-05,0.032394914809489965
S,-46,41,0.0004505963528013754,0.05724054647430112
S,-44,43,0.00524509697745707,0.08615873926016615
S,-8,49,1.8084566205205712e-05,0.035576486515940406
S,-6,45,5.390716670878357e-05,0.030235024011390804
S,-6,35,4.8754050114984734e-05,0.04045846199297924
S,-62,33,0.007315091851483828,0.059848115783907904
S,-4,58,0.000467300405882224,0.05700767381624682
S,-6,69,5.266934563364828e-05,0.03337947450753287
S,4,44,7.416929661944597e-05,0.048105241904271255
S,-62,25,0.006663126663589513,0.08001175642345011
S,-4,64,0.00019655505797891353,0.04384519725162428
S,-40,49,0.0003989071793896674,0.04218086692028834
S,-12,45,0.00011184568821705441,0.047246921293731606
S,0,55,0.00015165506268285058,0.04810359314845805
S,-6,53,0.00017247807690875914,0.04776070080821286
S,-18,55,0.0002599037449232881,0.07155717691041587
S,-10,58,0.0007680232740139951,0.054465336909977596
S,-38,36,0.0033738047708983024,0.06676595402656041
S,-6,56,0.000678298341577976,0.054583722220853066
S,4,61,0.00010404497773025629,0.03987042710282479
S,-32,53,9.889416360743083e-05,0.03272439496695782
S,-12,63,0.0002683400341529995,0.043231453522511606
S,4,58,1.761088665806559e-05,0.0477693592615331
S,-4,57,0.00010282851196361472,0.04622415650217627
S,-90,30,0.009839738279463646,0.08786082843070178
S,-56,31,0.0032816357528860987,0.06908239611703786
S,-2,49,4.106512011106763e-05,0.0395466633679379
S,-38,40,0.0013100469621344726,0.0647799587134879
S,-4,65,3.0935180111847365e-06,0.035069790986693224
S,-18,57,7.339788551015732e-05,0.04055980177973984
S,-64,31,0.004355727937743612,0.06991813236322804
S,-54,31,0.0013320529105451673,0.08363498795986316
S,8,65,-5.401719504609463e-05,0.05399997112456754
S,-98,24,0.012459168374580843,0.08598003181242458
S,-10,29,0.001999819260771424,0.07166922994537593
S,-40,36,0.006307166802816587,0.06474432545780244
S,-44,41,0.0012308465476747559,0.04787962753261639
S,-28,48,0.001988732999317454,0.07562407841508095
S,-18,51,0.0004983023780505321,0.06242356770874494
S,-40,36,0.004959222939562725,0.06664155337649351
S,8,55,9.898579978990164e-05,0.05017242264375215
S,12,56,-9.942520531699536e-05,0.05135508362597516
S,-70,28,0.00911205332475254,0.0746774454904479
S,-6,41,0.0016231681797923235,0.053601303340720344
S,-44,38,0.0032624632098754293,0.06979102037973763
S,-20,49,0.004867348717955114,0.06727554301402645
S,-26,39,0.0012674878729050712,0.05517242996937772
S,12,32,-7.231377630258249e-05,0.04323237894319974
S,-36,10,0.0010383840532669285,0.04778805856005733
S,-2,47,0.0008401992904208824,0.06376108045323574
S,-10,46,0.0005001125480943014,0.04959431238994404
S,16,37,5.2436297078445635e-05,0.04833777118455752
S,-8,50,4.026278249542388e-05,0.051497660759230436
S,10,47,0.00013539256153280045,0.0503741982995365
S,-20,36,0.0008017204112168349,0.05894714256895483
S,16,36,-7.720133154002694e-05,0.05640536385361299
S,-40,27,0.0013574576453221964,0.06390011631755348
S,-16,35,0.0012264989734131794,0.06000884615583809
S,-12,50,0.0012242922763275991,0.05865751113273143
S,8,48,0.00033744111235599946,0.05048616387656258
S,46,40,-0.00026312733593483755,0.04513120832293856
S,20,39,7.50958246882152e-05,0.05721891279122951
S,8,44,5.009174708212291e-05,0.0584873105473674
S,22,45,-0.00012599143913998663,0.052877903884954516
S,0,35,0.000144495473107312,0.06435953992201875
S,0,55,1.050643410722891e-05,0.057329922705806405
S,12,67,-8.258720462749458e-05,0.05987717088106171
S,4,53,0.00013903996845108767,0.05768213501088553
S,-36,39,0.0014284961698383745,0.06592512511899157
S,-44,38,0.0026118361362508767,0.06879715140673483
S,-48,34,0.002476956885907995,0.06717497501879964
S,-66,28,0.00672590304620672,0.0640365652271996
S,-38,35,0.0024823725564318702,0.05118450011197878
S,-6,30,6.485255583684942e-05,0.049704686790950345
S,-12,37,0.0004875595146862152,0.05584688550682781
S,-28,30,0.0021736527907682307,0.05225547967420676
S,-32,36,0.0027044482629133885,0.05259918248912714
S,-58,33,0.00356138664097136,0.058515310957646297
S,-8,37,0.00011050690308040337,0.0471910385793299
S,-38,33,0.0014822871935435164,0.05710595692682467
S,-38,40,0.0025291664441662413,0.07538208691535069
S,-42,46,0.0016304300217874455,0.06192491642538826
S,-46,41,0.00467223018211301,0.07950743497404468
S,-52,47,0.010009246251665828,0.11658309691436389
S,-52,36,0.005526323192019005,0.11205682753190355
S,-72,33,0.010361519564189195,0.11483999091891661
S,-54,47,0.011854094804341462,0.11723518905868797
S,-48,40,0.00654090182019879,0.10119900034636932
S,-38,47,0.005155585783887786,0.09271506936837451
S,-62,40,0.008067364476267092,0.12022715391365256
S,-82,29,0.015557837207333164,0.11063263145552349
S,-46,51,0.00597017853364254,0.09643782293378882
S,-56,41,0.013294446536990558,0.12935776300895085
S,-38,47,0.00752839044613643,0.0863217814867063
S,-34,46,0.002616083566119318,0.08427883136394172
S,-54,40,0.004402109713805846,0.07945943973403446
S,-60,33,0.004509896101661147,0.08400775001672431
S,-62,39,0.006978544342383233,0.08130247976198492
S,-30,48,0.0032889592609573024,0.09427574959145671
S,-46,40,0.005734769714032718,0.0848752713683517
S,-60,40,0.007967542131557022,0.10539723471226012
S,-16,35,0.0006510797652353234,0.05858647041135315
S,-16,54,0.0008281122890812977,0.06452825690827509
S,-4,67,0.000940205000126711,0.06257019785388836
S,-16,37,0.0035605955497122034,0.060532591273484114
S,-10,65,7.438222012815825e-05,0.033859801394540374
S,-38,56,0.002544635696361201,0.04337965799686727
S,-8,58,0.0005354423810037919,0.0561333653425942
S,-56,45,0.0036949174697347978,0.09479455536116392
S,-14,62,0.000987389219650401,0.06312306705808825
S,-40,50,0.0038041682522463273,0.07661009091306618
S,-10,63,0.0007299827282661446,0.07239219482222352
S,4,72,0.0002082647122437196,0.04008836072923563
S,10,69,2.184890127183155e-05,0.03018505105236235
S,6,54,0.0014142265865491465,0.04689949960274642
S,-50,43,0.0036367325437603026,0.06473019341630734
S,0,53,0.0008385843802379778,0.06038075378520031
S,-60,35,0.0034655571949748477,0.08862157683784856
S,-74,33,0.007185445201378829,0.07284157060509806
S,-42,36,0.00337939106098127,0.08499061133586541
S,-48,40,0.007066415473397687,0.07473507186962075
S,-58,38,0.0012165098584369272,0.06440495275290496
S,-4,58,0.0005927620857077648,0.051886031311422824
S,-26,53,0.0011333710384305567,0.060210391352632245
S,-56,31,0.004168574338004939,0.08979090105039114
S,24,76,-0.00016608152215100917,0.07315776290995238
S,-72,38,0.009139324842685875,0.08102004641751226
S,-14,53,0.00034280545705094674,0.03667255395042245
S,-68,32,0.007957869760490422,0.12289744288094531
S,-56,27,0.007288904892830518,0.06727875684701994
S,-34,43,0.005791291579251216,0.07560164729478909
S,-26,48,0.0016178762162201272,0.07444652231049148
S,-72,28,0.008162394049343833,0.08250648726433428
S,-62,38,0.006127319339769119,0.08114666308341431
S,-36,42,0.003689510308046138,0.08064434021116766
S,-66,30,0.0038095901346170834,0.06197662320086217
S,-72,28,0.0071449409130573275,0.07344144331780372
S,-78,35,0.014839000408092544,0.15153850714819447
S,-46,36,0.004308023144078071,0.12127923071876735
S,-66,36,0.006446958007621742,0.08831899765643372
S,-84,28,0.012702897223767811,0.10988171548417419
S,-58,32,0.008486091056909242,0.13743299645347226
S,-32,52,0.0010038377294374205,0.06972128545073147
S,-74,35,0.009953611937003934,0.10799029301040533
S,-66,41,0.004657152946709382,0.10545920626250298
S,-74,35,0.011453565450257497,0.11863059405103715
S,-46,37,0.005377345001900364,0.12088232598082557
S,-82,24,0.016859086327578474,0.10685042290371516
S,-52,37,0.001768037589899239,0.050984336117455176
S,6,52,0.0005787407795303554,0.06256058664623924
S,-42,36,0.0014086387477816019,0.06424483854399277
S,-4,41,0.00047057818871106384,0.06294123273420013
S,-40,35,0.0032062215724716014,0.0761629997252264
S,-24,43,0.0006232938536959224,0.06677896918037375
S,-34,34,0.001877404614517622,0.07344893637560024
S,-22,43,0.00023156747342921688,0.04374537710678992
S,-54,31,0.002526769334395952,0.06500981188348467
S,-24,38,0.0005773242645849416,0.06407156639484983
S,-34,29,0.00045755795377535035,0.0595992918027813
S,-20,34,0.0015425073434101506,0.062070917225419533
S,-24,30,0.002843515441336715,0.08341290832309232
S,-28,42,0.0006092148570621211,0.05549311769833012
S,-26,45,0.0002263454362183624,0.046859727954476425
S,-46,28,0.0006962756717695899,0.060355650678421614
S,6,41,-3.666618743480852e-05,0.05018669559115515
S,4,27,-5.2192206453948005e-06,0.04870614377325095
S,-20,46,0.00033414751191857066,0.0480945789765246
S,-30,40,0.0016197742811614902,0.06306966025364688
S,-32,35,0.0008537227869789816,0.06741354316012936
S,4,48,6.811761079338097e-05,0.05555615271762912
S,14,34,-4.2301165101261405e-05,0.04736320045643335
S,10,54,9.553574554218887e-05,0.05514160957621829
S,-18,56,0.00031675499849963447,0.04934129742474881
S,-12,60,5.2520317986290855e-05,0.03753886887865146
S,-18,54,0.0003751979859594351,0.04806341960992259
S,-14,52,0.00012802865153897948,0.03498196610545391
S,0,50,5.441830001075165e-05,0.03608144938604817
S,2,56,5.492999704117213e-06,0.04302086346406401
S,0,62,2.312018962559457e-05,0.034134115707818186
S,-6,61,1.3966088058060287e-05,0.03611136977619291
S,4,67,2.5264608919884114e-05,0.04772266010149878
S,-30,47,0.0006647415103775534,0.0418184203738285
S,-30,40,0.0007907180850852157,0.05274327707026076
S,2,60,3.1803861623094996e-05,0.03653436817267208
S,-82,33,0.006282038526321944,0.07062867702153046
S,-86,24,0.008589004287420291,0.10145666608996304
S,-48,42,0.001954281607522579,0.06754554111261299
S,-74,37,0.00813840766113838,0.1013199841369431
S,-82,29,0.009626143139299147,0.09191853318058218
S,-48,35,0.001358557499115168,0.06080535501462137
S,-66,33,0.003234528596899927,0.06661150587418191
S,-68,34,0.005466446534255653,0.09985301327229447
S,-76,36,0.008928662474417244,0.07977905084751767
S,-62,40,0.0040677670712730195,0.08152350474141533
S,-66,35,0.002501506040610275,0.05520031162563831
S,-20,51,5.8957836081933685e-05,0.025771302116887607
S,-110,20,0.00628473257600005,0.08574504087774391
S,-104,24,0.006804669376685571,0.09087889718576894
S,-56,30,0.004196132406419515,0.058863410009299684
S,-110,18,0.005244405095479229,0.0686325832696556
S,-94,24,0.0023206702384506468,0.055796807225580565
S,-88,26,0.0018351656654501019,0.070637874943051
S,-110,21,0.010026272536047752,0.09132363463612424
S,-74,28,0.005520384517853042,0.0723975153081097
S,-96,24,0.004531005509818377,0.07381900636917468
S,-62,30,0.0016196764160086663,0.051368072979421975
S,-82,22,0.004837901681450493,0.06838039145653674
S,-66,42,2.1403176621282868e-05,0.012183925735603344
S,-48,38,0.0032796343414290986,0.08139951950616892
S,-34,49,0.003469540695686808,0.08500040284228808
S,-72,34,0.0036008150894883775,0.0864060664751903
S,-30,44,0.0039009176273809656,0.07287530796563205
S,-50,47,0.0040809946278054406,0.08528548819983263
S,-70,37,0.008571459602678336,0.1135481826470598
S,-20,37,0.0013314101387280877,0.045739179295608084
S,-38,38,0.003105112675760826,0.10532639955688673
S,-86,32,0.012390775299979437,0.09484727063752069
S,-76,34,0.006302197437347043,0.10221994654636322
S,-74,33,0.008543186930529011,0.05829920838959753
S,-82,32,0.010250840730075523,0.0814150024758998
S,-26,49,0.0025703951736243255,0.04824086770313408
S,-50,35,0.005255401744513363,0.058388059949108256
S,-34,57,0.00038440022430736155,0.03761691763507844
S,-48,41,0.001950372136625841,0.06521654714866996
S,-44,45,0.005406984959003206,0.08908314565675936
S,-42,42,0.005334839345557399,0.0837087417402291
S,-18,35,0.003369256551671361,0.07354345986271037
S,-56,37,0.00414992451711783,0.10979077701601538
S,-78,34,0.008142046991573025,0.10490801036307196
S,-18,49,0.0011519672454578052,0.08115523233112047
S,-38,50,0.0014976520763376668,0.08450850752233993
S,-40,43,0.001654750889924612,0.08752399663748849
S,-16,47,0.001064560623300037,0.07555136614232191
S,-20,47,0.001090167771284471,0.08041940039069045
S,-48,47,0.005372664454028253,0.08748584942584635
S,-36,43,0.005294816156543718,0.07488656909788721
S,-24,51,0.0001442985337858354,0.06137145318303464
S,-50,37,0.001530764118135189,0.07702288935554617
S,-58,38,0.004600408132377461,0.0782597534944254
S,-28,59,0.0008480930528249265,0.06309698794602926
S,-26,50,0.0013659326304503896,0.0887735000695027
S,-2,53,0.0010122778556982623,0.06018257812264573
S,-30,43,0.0012637259610297697,0.05177842600327838
S,-56,35,0.003171321938565773,0.06965604544418892
S,10,55,6.389938400156441e-05,0.027290885193846308
S,-26,48,0.0016560120696443843,0.04129410872963581
S,-28,56,0.0013100783064776695,0.04254319632117731
S,-20,52,0.00040991133729193375,0.04087866453435597
S,-84,33,0.005587781480111278,0.07391445352878812
S,-48,39,0.0012561783599851063,0.050259724414081934
S,-48,47,0.0013576271093995477,0.05303112171309188
S,-20,59,0.00020037292373156968,0.024918990805495866
S,-62,36,0.0019652377262443163,0.05910730995045023
S,-14,44,0.0005377323722771435,0.03949422822756789
S,-12,57,0.00011128047491025135,0.04945651470810532
S,-28,48,7.654851124854645e-05,0.04996038264316234
S,-14,47,0.0016012771013713704,0.07126841625500752
S,-52,35,0.007896572042127322,0.07305319580679437
S,-42,43,0.0017072306648270154,0.06041286553283582
S,-56,37,0.00982310772096512,0.10284390485166589
S,-82,29,0.01130883555893158,0.0976190868765274
S,-32,45,0.002042864689056171,0.061177140954741034
S,-80,33,0.010215707004071563,0.08813406363715007
S,-14,47,0.0016717203170232282,0.08186556425460284
S,-62,37,0.006177970625458633,0.07581974246128476
S,-40,40,0.003066291273413721,0.0649840134824848
S,-64,36,0.00959962958763806,0.09302369671917586
S,-42,43,0.008204594883987141,0.09180078714623705
S,-36,35,0.0008360145776363478,0.07786860249840315
S,-12,43,0.000211373507474433,0.053764714886868424
S,-60,33,0.002797539772111669,0.08168723625753732
S,-42,44,0.0004303732443193775,0.058199216157767936
S,-58,40,0.0016647743344055826,0.07364812059013132
S,-2,65,4.138652602188916e-05,0.04665575224787192
S,-10,57,6.391501327386795e-05,0.047912360402336894
S,-22,45,0.0006650932516648582,0.0651529179949724
S,-18,37,0.0002142801480454011,0.05506720435597081
S,-54,33,0.003137770017348273,0.07676441676300119
S,-2,45,0.00035919981479272313,0.05373148821887847
S,-12,41,0.001128372270049756,0.05800547487816828
S,-8,50,0.0026163604014421455,0.06535899362762916
S,-32,41,0.00011985140362217701,0.03573268072469267
S,-42,39,0.0023082803652406995,0.05284488932128776
S,-50,35,7.628786426977423e-05,0.04111572381375404
S,2,40,2.7752443456924093e-05,0.051841223673927864
S,-38,40,0.0022444970793585647,0.06618668367889888
S,-76,24,0.005064665497268468,0.0717349146939309
S,-8,29,0.0009770437244587976,0.05036379866502428
S,12,66,0.0013493473387812145,0.051929309078247
S,6,54,0.000989191937350677,0.049023874063159105
S,16,69,-3.9823473003316183e-05,0.047827803652387056
S,-36,55,0.00042015442394394213,0.03749133470514612
S,-14,48,0.00020001454475866161,0.041496329591580644
S,-32,45,0.0011684419065582606,0.06784795345120209
S,-4,55,0.00033750913407426417,0.04551476541563747
S,-14,49,0.0008847872072357882,0.05027166117712826
S,-46,39,0.003116980835494202,0.0790980413514878
S,-12,42,0.0007676820880826732,0.0603790029891431
S,20,72,-5.997596863277904e-06,0.045369951449080057
S,8,62,0.00012888930283975136,0.04590924066782521
S,-24,49,0.0005477385532236403,0.03260523593223871
S,-50,39,0.000676711571852186,0.044330358642677474
S,-82,22,0.001615656223271077,0.05126982467510481
S,-102,26,0.010691801022581018,0.09294799959382209
S,-96,25,0.003586652155687616,0.07431555565411693
S,12,68,5.307761262763896e-06,0.018473469519440015
S,-82,24,0.00022229388282929993,0.03904993227390809
S,-106,23,0.006839993266141637,0.0958598578078955
S,-90,32,0.011211782203905292,0.05279842828522573
S,-92,20,0.0038323930215763647,0.055420268288324324
S,-24,44,0.00019081884879955466,0.03127442493378154
S,-62,28,0.0019312122582631213,0.05003745516513631
S,-2,35,0.00019402009300304726,0.06037104232335816
S,-70,25,0.0035766682324356682,0.07339249632349865
S,-48,37,0.0023361313276086663,0.06556175779261017
S,-60,37,0.005058584690655486,0.07890218287304487
S,-42,35,0.0023311695184455813,0.0673536057656332
S,-54,26,0.003197606154312859,0.07036182624033627
S,-46,33,0.00404363556406126,0.09429970113424149
S,-40,34,0.0020531403870592316,0.07061663594962587
S,-52,33,0.002496134343522968,0.062460918189696735
S,-60,32,0.0016495736333030358,0.06501294797166894
S,-48,40,0.0036440779259309807,0.07315485372804428
S,-46,43,0.0014639585106871952,0.05824915545995968
S,-58,38,0.00927026892249355,0.09506718149643838
S,-28,45,0.003748326701587905,0.08111623124585332
S,-26,46,0.0024899988401318137,0.08893212469322201
S,-60,36,0.007562189900850877,0.09674133972129705
S,-60,39,0.0038092980081947257,0.08453190445419118
S,-54,44,0.004815393492888241,0.10258270070770087
S,-20,41,0.0035728277930140405,0.09482555789850988
S,-38,52,0.0012937070261191215,0.08486367796379171
S,-50,32,0.006489945700196962,0.09331383389494262
S,-38,33,0.006281787774397416,0.06513451858974233
S,-60,39,0.00875751228202395,0.09145293188537384
S,-60,33,0.008110764727968817,0.07609731376858087
S,14,38,0.0004527053232347166,0.054776763394677214
S,-68,33,0.012307897500002227,0.08240061606665813
S,-60,38,0.015379334069458487,0.08543818258629333
S,-34,41,0.011572539073331846,0.09172588915771629
S,-72,28,0.016859312802180247,0.10357508472525273
S,-18,50,0.0017875230359530308,0.07382827909787996
S,-58,40,0.016770042509670825,0.11088720967702322
S,-70,35,0.021428192168072263,0.09242556015305299
S,-64,35,0.017305570956717975,0.0943428449718416
S,-48,39,0.012082125269218215,0.09354575568035475
S,-76,24,0.011933118871225182,0.08117366665083302
S,-34,42,0.007275461333698918,0.06088482696522603
S,-80,35,0.0071060725563471695,0.07035062021108375
S,-88,16,0.0056916829823845235,0.06596860199930987
S,-58,35,0.002793410413246163,0.039619079619468506
S,-84,27,0.00485424237695153,0.07016200162358295
S,-68,27,0.002747510475632234,0.05028113248516284
S,-88,31,0.005592409716570934,0.0975911924422227
S,-50,47,0.0006843523232683872,0.05051409155942002
S,-58,35,0.0016462751836178752,0.03285834040740956
S,-16,42,0.0017883714022395947,0.05051249513237916
S,-104,24,0.010511515709872098,0.09237025937127388
S,-82,32,0.004430628923188243,0.07775028335305813
S,-94,26,0.005527719005065967,0.07069872167492133
S,16,47,-5.545064460291784e-05,0.043555377444183516
S,-42,38,0.002446667136414337,0.06442764758419535
S,-32,34,0.0038315369973168836,0.058848283160620185
S,-54,28,0.006428125795766904,0.05654504160408762
S,-60,32,0.007825997685205071,0.05625758608800695
S,-88,27,0.00934735748833544,0.06549928802635445
S,18,34,0.0006465622704735879,0.05811920110067959
S,0,39,4.4910263094776415e-05,0.04711764840286346
S,-42,33,0.006406322624886256,0.05920028855359618
S,-56,21,0.006329371759303611,0.07005392036527829
S,10,41,-1.7285365353574883e-05,0.04504214702985276
S,-6,41,0.0012215743353693222,0.061260446295205266
S,-62,38,0.0015486030555426032,0.09394773325461817
S,-74,33,0.006130246940681953,0.10970548060614689
S,-42,48,0.004047659689319668,0.08530142492579447
S,-50,44,0.003769805660822847,0.10536772771665588
S,-78,32,0.004606034318703295,0.092170011721756
S,-50,41,0.004243671116112529,0.1060076030886488
S,-34,43,0.004631045749846275,0.10344459924244359
S,-62,42,0.004679115232458286,0.10277411158125402
S,-46,43,0.0017669123384481155,0.07560883017326402
S,-36,46,0.004366821082683837,0.084444591536142
S,-48,46,0.0022753028139032316,0.08658495286828638
S,-46,45,0.0036826946219026737,0.08261599917392604
S,-48,40,0.0009856185739655987,0.07170135155470152
S,-46,49,0.0013698541077546969,0.08634440868878883
S,-66,39,0.003518832542863375,0.08842826187796153
S,-70,33,0.006747973822561039,0.09155094440144566
S,-68,41,0.008165961762649632,0.08496165627280393
S,-58,37,0.0036554706803414183,0.08790698196432116
S,-14,48,0.002727327582480389,0.0783771080931757
S,-56,35,0.003027095795571146,0.10069868012273754
S,-52,48,0.0031171235230328964,0.09127899746429685
S,-76,35,0.008056766769309399,0.09766276973629977
S,-50,45,0.004607956315822628,0.092076919012146
S,-44,44,0.004527421918696708,0.09110320142827405
S,-52,39,0.004001986763787793,0.09923466644372578
S,-16,51,0.00034262983545494286,0.06673749079373642
S,-46,46,0.003757869571417489,0.08453066538868381
S,-20,41,0.0010033567433608357,0.07818973084194905
S,10,66,8.140337572411472e-05,0.06375650520303669
S,-2,61,0.0002749781048576538,0.04806664167258167
S,-50,38,0.0035896184241717556,0.08391763202183382
S,-48,37,0.003293076724909534,0.08885856242712604
S,-46,44,0.0033872892688603137,0.07878807538595137
S,-64,36,0.0049929270728855425,0.08416686841722563
S,-36,45,0.004987294532068494,0.0730589370562439
S,-76,34,0.00500082267645055,0.09879377663358208
S,-48,48,0.004511626040172374,0.053406733756864166
S,-74,29,0.0070818209652014925,0.08951806681282652
S,-84,30,0.008856252265342656,0.1032980554824452
S,2,66,3.2888301501171266e-05,0.03868683700672871
S,-18,39,0.00022831397823884126,0.046098719896803336
S,-28,56,0.0002715189864094233,0.04622848324980559
S,-20,54,0.00033157533996392335,0.044139530062498315
S,-76,27,0.011583137935061391,0.10385714083958504
S,-76,30,0.011914138416849593,0.062079585306237896
S,-28,46,0.0035396057810168813,0.07325462629641383
S,-4,56,0.00025214279901528803,0.03666472493199951
S,-44,35,0.005722512514265969,0.09203050950443122
S,-32,39,0.0015673746697169905,0.07453590192192867
S,-28,38,0.0023011590982560943,0.07485192937444103
S,-10,55,0.0009357895180315563,0.06979403509186831
S,-28,45,0.0020039121183558087,0.07810507646504819
S,-38,40,0.0011192008843993308,0.07604624264018242
S,-26,43,0.0013903419855775063,0.07559824864509325
S,-46,37,0.0037223188280425187,0.0977464981603827
S,-24,52,0.0012859996205684733,0.0654424808394448
S,-18,55,0.00012149811682460138,0.03493994629843005
S,14,57,8.045191455772026e-06,0.03953723370597734
S,-4,56,0.0003238142825877107,0.05301718886335984
S,-42,36,0.007147259625906026,0.07648842243779545
S,-58,43,4.803026218843888e-05,0.021102016104143355
S,-60,37,0.00022647725569320196,0.0291902173344844
S,-74,34,0.0006819877229541866,0.045800355552173586
S,-56,50,9.013767878552136e-05,0.022379073371571957
S,-24,35,0.0013136544703834842,0.04170912654367487
S,-36,57,7.09451608985758e-05,0.02296501704335741
S,-42,49,1.2885111567532732e-05,0.016865213044726567
S,14,69,1.844670556305196e-05,0.015827187237949607
S,-6,55,4.0181883646874273e-05,0.020779259761479405
S,-22,64,4.9121164794673455e-06,0.009993427262727915
S,-40,51,0.00014875615495070534,0.03180908014856423
S,-10,73,2.434688257668217e-05,0.01918065480484528
S,4,44,0.0001751135118828109,0.0523373334868597
S,2,44,-7.216360994896851e-06,0.03347774881946941
S,20,51,3.117275241551822e-06,0.038830721826761366
S,14,63,6.796777724091577e-05,0.04194236858778406
S,4,66,1.1726705786533212e-05,0.03657325101936086
S,20,67,9.455703280736488e-06,0.03699553777862791
S,-18,50,0.00011060210828451732,0.047677701831529515
S,-10,56,0.00013977403067222985,0.03917063329030216
S,-14,42,0.00017725879585914634,0.04227650538105336
S,8,59,0.00019675325163440906,0.034571662382191296
S,-8,45,0.00019415623808155443,0.043248955609556
S,6,56,0.00010343860752088856,0.04122479119981423
S,-14,53,0.0002580088863686053,0.07275136813223153
S,-18,58,0.0005107992382557775,0.07955878113744705
S,-2,34,-4.718468577637329e-05,0.046629429082815
S,-18,51,0.00031903379717888636,0.05044565114515178
S,26,40,-4.949480761009969e-05,0.04448563347944685
S,10,50,-8.082170318197698e-05,0.04630510663858032
S,32,50,-0.0001012551925565977,0.04652223042916312
S,0,25,0.0001285476708650525,0.03809003235740658
S,6,21,9.470049086921955e-05,0.04354761408621284
S,-12,30,0.0003463499512867789,0.05289333472690571
S,-2,25,0.0003708161916148786,0.04707826468709572
S,26,46,-0.00010798269258253342,0.05020179810179278
S,8,41,4.5707415178522836e-05,0.051292294252119196
S,46,46,-0.00010855944653276533,0.04579393161286538
S,-14,51,0.00010982873539641727,0.06150849770463608
S,14,36,-5.91179304976092e-05,0.03854823978191655
S,-8,49,0.0008486085941879345,0.0626793609113071
S,-16,52,0.00023139456800044215,0.04121525931865177
S,0,54,0.00013201422258021583,0.05214275944884633
S,-18,33,0.00036476172785658236,0.051960682137995796
S,-12,25,0.00010348270844570378,0.039599271403634485
S,10,33,0.00014354173835457107,0.049184953383051316
S,2,47,0.0003481417183306615,0.046310916119703435
S,14,55,0.00019562384977033355,0.055450525732244745
S,-2,56,0.00036912328846882685,0.051993698759523796
S,10,67,7.076701623676494e-05,0.051937072782451334
S,18,42,-2.8105139442699144e-05,0.04153816140868158
S,-52,35,0.0011569513312989783,0.058432848670784604
S,-2,31,0.00013012649512202904,0.05662462738618441
S,-26,31,0.00046402613602228814,0.053486766257291776
S,-14,38,0.0004523232570442744,0.06909470161139857
S,-10,26,0.000465580473850872,0.06322189527383495
S,24,41,-0.00012040645433979781,0.04657676738701835
S,0,38,3.687704140354988e-05,0.04383710334145113
S,-6,58,0.00021747099973977197,0.04117475794771869
S,4,60,0.0003902378153017266,0.04902075558239384
S,-14,56,0.0001323053706971826,0.04772448549128497
S,2,53,0.00010579910942204198,0.048508484555891074
S,-16,39,0.0006462324306507495,0.04898329836414363
S,-34,38,0.0008257105365440954,0.04618469709872646
S,-68,38,0.005965026771743547,0.10854239736577008
S,-36,51,0.0007468317618542461,0.049853706280410186
S,-38,41,0.0004406485478295912,0.04694995837591098
S,-24,42,0.002023427755883833,0.0606347359052093
S,-10,38,0.0008284369409076158,0.06639033875082262
S,-34,36,0.0011690835114209542,0.06060933233250895
S,-50,37,0.008890664289983207,0.0894858115266843
S,-58,41,0.0066219182698268745,0.07677599653050317
S,-34,46,0.0017989712575005423,0.051254848815334916
S,-24,49,0.0031546318297249595,0.07770051084541187
S,-92,28,0.008565805176627897,0.09034649978806915
S,-28,45,0.003023992243763615,0.07056518146946937
S,-46,44,0.0036785389567646296,0.0644694912480155
S,-40,49,0.0002710434206037913,0.044091620084131956
S,-52,32,0.003599522452633505,0.05645178241558369
S,-68,38,0.01153450750307156,0.06731530920901707
S,-38,46,0.011232262204612823,0.08579611330300957
S,-80,35,0.00825260013496603,0.07236003296269457
S,-90,27,0.011536732591775994,0.10589681704599466
S,-58,32,0.006788032368848431,0.07863022092687515
S,-80,33,0.011108373612654992,0.11549627826705676
S,-74,35,0.008744256921909136,0.08166476198347446
S,-72,31,0.009545470448131747,0.08851053591314212
S,-60,34,0.008489979361831646,0.10617386603978993
S,-56,27,0.0049508319885064826,0.08082375941129075
S,-26,39,0.0003684413185384789,0.056725632486091165
S,-58,36,0.0038349525938170727,0.08175101604771334
S,-74,30,0.008981133535683318,0.10338302891942146
S,-68,37,0.008128630615534305,0.09772101188208386
S,-74,25,0.007436400094912761,0.08716518820630914
S,-32,48,0.0033245949155650515,0.06723151251811886
S,-66,35,0.005139726878989834,0.06950758093196081
S,-46,45,0.005336152683738132,0.08588618485881078
S,-68,31,0.005660742417636191,0.09335465230176171
S,-42,48,0.003085655788046793,0.08963360839467645
S,-68,29,0.0031349371076496014,0.08057040099824371
S,-60,42,0.00413832510424704,0.08432497838760812
S,-60,40,0.00665761089365718,0.08038041111581481
S,-4,60,0.0001132964586277613,0.04708948819306262
S,-48,35,0.0028215270258163962,0.080085463674485
S,-62,42,0.00456351578704493,0.08487333371920397
S,-28,41,0.002462223192976547,0.07435259177647004
S,-80,32,0.00457969886984937,0.09167668272499029
S,-46,40,0.003249682153843093,0.06967315960550452
S,-16,53,0.00016579410714421964,0.040260883532471654
S,0,62,9.13973661563064e-05,0.03522154573260688
S,-70,38,0.00507759831220411,0.09722941044493248
S,-50,42,0.0036693153726221205,0.0760961772134986
S,-34,41,0.0036958343818092386,0.07281815746147746
S,-26,47,0.004329304652036976,0.08726300508810325
S,-50,36,0.003949423463012641,0.08087391329781853
S,-8,45,0.0003743712101879176,0.04519514890985779
S,-18,31,0.0033091691409066737,0.0541632137693438
S,-8,59,2.9417353882739962e-05,0.02922039347481328
S,-28,46,0.004271137346435986,0.066994212302448
S,14,64,-2.1180690797975206e-05,0.0307836248625364
S,-84,29,0.0044532774695087325,0.07079146779979553
S,-56,38,0.002237811940008556,0.07063458660780965
S,-16,58,5.169516869866484e-05,0.03738366294147261
S,-4,54,0.0003302936501549236,0.04026460117649183
S,14,61,-1.1544619843373766e-05,0.03915419251739373
S,10,65,7.651998145500169e-06,0.035338892814319386
S,-6,64,0.00019089373839942968,0.04978581013809623
S,4,70,3.064775269503153e-05,0.0335005390952375
S,6,56,5.3724411618176405e-08,0.033571372942795386
S,-8,46,0.0005847543576576906,0.06331285463613885
S,-50,43,0.002260185332865916,0.07905516826086602
S,-58,44,0.005999349146592836,0.08028217928429192
S,24,58,-0.0002870730998290683,0.05338862269394732
S,-40,51,0.0007486476754644716,0.05028141305082325
S,-52,45,0.005600126335674747,0.06865222531782042
S,-48,48,0.005882632388197564,0.07575938872290913
S,-22,59,0.0004613805220123737,0.060183092303332825
S,-30,49,0.0026607389287552205,0.08867486834649017
S,-54,41,0.00522627996209005,0.04884591517449415
S,-34,36,0.003378335733881351,0.09650130941045353
S,-16,59,0.0011140475457721932,0.07237982250645526
S,-14,59,0.0021393685197370737,0.07708974441069802
S,0,59,0.0007050855013303559,0.04310571927053017
S,-32,37,0.0003192985366424408,0.052690420942229164
S,-22,50,0.000508465328809654,0.05121039410137583
S,-38,36,0.000768137127644514,0.052214559031165064
S,-14,43,0.0006467786980868045,0.043623166229978555
S,-4,55,0.00011470729739889086,0.03915913582998999
S,-12,51,0.0006681797769858912,0.05202845633768411
S,10,50,0.0002738789644546258,0.04153435688719259
S,6,68,1.7264844877319432e-05,0.04239529465225468
S,-22,47,0.0003403152560230494,0.046022943130415286
S,-14,60,0.00010532432462322764,0.04791825730610374
S,-28,49,0.0004181689550157121,0.04917262253134775
S,-12,64,8.773294797071296e-05,0.03993942894661334
S,0,61,0.00010708323427402197,0.03238316229020027
S,-22,43,0.0010904325248243813,0.04581127117001198
S,-52,31,0.001811560673492837,0.05174256528056176
S,-40,42,0.0008611538200861806,0.060259733948293676
S,-60,34,0.004408785678648761,0.07355606615519737
S,-42,46,0.0014085963694071087,0.05495719905290309
S,-50,34,0.0007645113197454878,0.052976152412863006
S,-72,31,0.0011775537136214053,0.0508523716415916
S,-60,42,0.0010321230266745302,0.0646165019652898
S,-42,44,0.0007568384008430378,0.048969321442905375
S,-56,42,0.0008150706722892303,0.04905248832825425
S,-58,37,0.0009720284066760169,0.04366826422289064
S,-58,38,0.005853842439537263,0.11110864970836752
S,-74,32,0.006832232047905794,0.08435699275453647
S,-22,50,0.0036856663563664413,0.05204430114585745
S,0,61,0.001542262552056107,0.05230107906702978
S,-44,44,0.004583092941646403,0.09359049836437486
S,-10,60,-5.8993479189667387e-05,0.04506684854660464
S,-42,41,0.003675406987773813,0.08526169356287142
S,-8,52,0.0014101447910429405,0.05912365760522662
S,-62,32,0.006710970477763145,0.0727409471617193
S,-48,36,0.003911064174612948,0.06851917904617127
S,-72,36,0.006558019966183557,0.08618578319053195
S,-46,39,0.0017810913737498029,0.06921294305425445
S,-22,46,0.00012122945557525077,0.05179303881323719
S,-60,40,0.0012798202706514362,0.043824134795543264
S,-66,34,0.004145555884930555,0.06076268864303331
S,-54,38,0.0050442563276128305,0.09895357269194797
S,-62,27,0.0022181040224009485,0.06674655756298986
S,-38,31,0.000460487836071232,0.055622839475685276
S,-36,44,0.0019482774675425609,0.08080891894172108
S,-48,36,0.000472888243993569,0.06405912896306572
S,-56,36,0.004556761846575652,0.0689363822007973
S,-94,19,0.007412677904648214,0.06514795750198742
S,-12,68,1.9682420741992277e-05,0.019904793265386345
S,-94,30,0.005563077980159808,0.08367023490941344
S,-96,29,0.003717378982111718,0.06599369273330395
S,-100,23,0.009562360704599185,0.07680147234806133
S,-118,18,0.008683554110313435,0.07227314705838138
S,-98,27,0.010056730678392328,0.06852911207646052
S,-102,26,0.014379065227621973,0.07941238127812131
S,-106,21,0.004167271386679096,0.048832177882481356
S,-88,31,0.0058171009411545176,0.06274303039161934
S,-62,26,0.001111798437298078,0.03803935595905245
S,-104,16,0.00714505957702643,0.04532425238638081
S,-8,44,0.00021714179864857052,0.04547900205229088
S,-8,40,0.00010841491765770279,0.04135168851422287
S,22,58,-2.9057054040286135e-05,0.03600967572036463
S,-12,58,0.00012426390145944135,0.042973447761774954
S,-18,52,0.00030255589069401613,0.04564528362093546
S,-20,49,0.00018705201227417278,0.03308161398806048
S,0,51,0.00012837590881315263,0.04461021216555692
S,-12,65,0.0007527327680240463,0.060777518340772635
S,-20,40,0.0014092359760408241,0.07007104716715355
S,-32,55,0.00107732049117107,0.05687006154049827
S,-32,52,0.000280681503416888,0.04180604572133558
S,-12,49,0.00015598605840713657,0.05058102355723493
S,-10,56,0.00014104525160242882,0.04200710662670857
S,-24,56,0.0025781909902110062,0.05378201590914643
S,-8,44,0.00012838946686079817,0.038471510865310095
S,-6,60,9.366425514502226e-05,0.03834882801234394
S,4,55,4.163313815443964e-06,0.039175278431118836
S,-8,56,0.00017250280584050297,0.03922675803088224
S,-8,60,3.482704231907043e-05,0.03778038739641738
S,6,50,-2.027301586442992e-06,0.03293737358629492
S,10,62,-9.198358564651914e-06,0.0359271490119484
S,-6,66,4.842886097419582e-05,0.034854422997705525
S,2,64,0.0002366565362371619,0.043448745181715334
S,-6,60,0.0002420120159229505,0.046786313826339264
S,-4,50,0.0002928006686355341,0.043689829851829017
S,-8,62,0.00013384000940535898,0.049174170442394305
S,-20,47,0.0003073775895203393,0.049953021440949305
S,-26,48,0.00014773938713189322,0.04497513455886756
S,0,51,5.485136002935372e-05,0.03836517584184148
S,-20,53,0.00016800856609160258,0.04716348335069871
S,-26,48,0.00047568700539115673,0.052876878350262134
S,-6,59,1.989905675997257e-05,0.04013352692200313
S,-6,45,0.00011983921138513103,0.04592295427479495
S,-34,43,0.00037860519708147084,0.056141788572327656
S,-54,40,0.004754095674209594,0.08685345033478338
S,-8,60,0.0002516476840219272,0.05556469960877313
S,-26,45,0.0015673348297895841,0.07207952605875088
S,-40,41,0.0023910075031744857,0.07600395452830956
S,-8,49,0.0002730579641110329,0.040660031153900295
S,-14,49,0.00022248670905540717,0.03861120158553498
S,-76,32,0.005189558857668652,0.047543603582828414
S,-58,34,0.007470308635668556,0.06350305244252412
S,-26,56,0.00019458420748191395,0.041727622596665986
S,-30,52,0.0017731606048905714,0.06675835058299058
S,12,54,0.00017741093919534023,0.04084285519270919
S,-10,64,3.6805749845554224e-05,0.02491181786361906
S,-102,24,0.0037946137264318483,0.06417236214906212
S,-104,22,0.005078867373361503,0.06114413182007303
S,-74,38,0.002307793086226222,0.06499617424020683
S,-40,41,0.0002733959984727084,0.04408753701074389
S,-92,30,0.005605963120837155,0.06765724881206354
S,-82,35,0.008368559746273138,0.09838553429542261
S,-78,32,0.0056071654532477136,0.09338864615899427
S,-72,30,0.0025228379615930717,0.07809346283567323
S,-90,23,0.008165829030385749,0.07497129557492516
S,-72,41,0.009059622668529005,0.11360396381171084
S,-50,43,0.004014911431033585,0.09452225359369465
S,-94,28,0.00676479395659529,0.08766576451390617
