type,zcr_diff_mean,zcr_third_central_moment,zcr_exceed_th,zcr_std_of_fod,ste_mler
0,0.40404040404040403,7.780667990114696e-05,0.010101010101010102,0.02770417175908134,0.04040404040404041
0,0.3939393939393939,0.00025599279227832435,0.030303030303030304,0.02705487966945251,0.030303030303030304
0,0.26262626262626265,0.00038550686994385884,0.030303030303030304,0.04463218391620647,0.16161616161616163
0,0.2727272727272727,1.389350137835043e-05,0.010101010101010102,0.012427248382254858,0.0
0,0.40404040404040403,7.793139101656871e-06,0.09090909090909091,0.017316097251199782,0.04040404040404041
0,0.36363636363636365,0.00011925883513340276,0.010101010101010102,0.027679881257711973,0.020202020202020204
0,0.31313131313131315,0.00020483775652475585,0.020202020202020204,0.025335336491640638,0.2828282828282828
0,0.18181818181818182,0.0003532376018741994,0.04040404040404041,0.041345538806508986,0.2828282828282828
0,0.18181818181818182,0.00017644965411341444,0.010101010101010102,0.0319877717436832,0.0
0,0.16161616161616163,0.0007294468475127421,0.020202020202020204,0.0341447760256073,0.0
0,0.36363636363636365,0.00018752778371246393,0.04040404040404041,0.03583236205682451,0.050505050505050504
0,0.20202020202020202,0.0005991198011400967,0.030303030303030304,0.039294792278585323,0.0
0,0.1414141414141414,0.00040056489771660104,0.030303030303030304,0.022922125207347613,0.0
0,0.1919191919191919,9.521811012691111e-05,0.020202020202020204,0.028481067735056577,0.0
0,0.4444444444444444,1.2132048957859798e-06,0.16161616161616163,0.007858712663250823,0.0
0,0.10101010101010101,2.3571408049128466e-06,0.020202020202020204,0.006044336015383262,0.0
0,0.32323232323232326,1.0652261034616207e-05,0.030303030303030304,0.00996656386107355,0.0
0,0.45454545454545453,4.191203816126092e-07,0.010101010101010102,0.005971468144805427,0.0
0,0.0707070707070707,1.9345078902784944e-07,0.010101010101010102,0.004126924944435678,0.0
0,0.30303030303030304,2.1079940141691123e-06,0.010101010101010102,0.005965107623052075,0.0
0,0.32323232323232326,1.3228699215579302e-05,0.020202020202020204,0.013202947786396501,0.0
0,0.32323232323232326,0.0001069152000975836,0.020202020202020204,0.03130124358006843,0.020202020202020204
0,0.21212121212121213,0.0009919701866602608,0.08080808080808081,0.03920272398683443,0.020202020202020204
0,0.2828282828282828,0.00018791096113360834,0.04040404040404041,0.029301791435455176,0.31313131313131315
0,0.5454545454545454,-3.356930827198635e-07,1.0,0.009660690341737214,0.020202020202020204
0,0.41414141414141414,2.5515429792109284e-06,0.37373737373737376,0.014122963807294955,0.20202020202020202
0,0.20202020202020202,0.0001169300832884322,0.030303030303030304,0.021569727811044943,0.26262626262626265
0,0.5151515151515151,9.579509250281888e-07,0.494949494949495,0.012038173054758908,0.020202020202020204
0,0.3838383838383838,3.3814947861009075e-05,0.020202020202020204,0.01808435081263566,0.1919191919191919
0,0.3838383838383838,7.751528026094549e-05,0.010101010101010102,0.029962211438055723,0.0
0,0.32323232323232326,0.0007120776938070693,0.04040404040404041,0.04153573467001212,0.3333333333333333
0,0.3434343434343434,0.000633906946118014,0.050505050505050504,0.05482609597927135,0.050505050505050504
0,0.5454545454545454,3.342422220044545e-05,0.030303030303030304,0.03212741239166284,0.1111111111111111
0,0.45454545454545453,0.00011657508044802879,0.010101010101010102,0.040165823983500375,0.08080808080808081
0,0.42424242424242425,0.00010684609942404438,0.0707070707070707,0.04134731885579112,0.2828282828282828
0,0.4444444444444444,1.9413479348544912e-05,0.1111111111111111,0.030108742706746003,0.15151515151515152
0,0.23232323232323232,0.0008471029028594495,0.04040404040404041,0.04411497540910498,0.1111111111111111
0,0.35353535353535354,0.000140960461358884,0.020202020202020204,0.042605052282168404,0.06060606060606061
0,0.40404040404040403,0.00012910714356424819,0.04040404040404041,0.03479667285194987,0.09090909090909091
0,0.494949494949495,1.5374828203033605e-05,0.020202020202020204,0.024806242403658772,0.12121212121212122
0,0.23232323232323232,0.0008735760858260348,0.06060606060606061,0.05225390682051259,0.15151515151515152
0,0.32323232323232326,0.00011028754384036968,0.050505050505050504,0.03881253362229217,0.050505050505050504
0,0.43434343434343436,0.00011627028394936238,0.030303030303030304,0.03263862486222182,0.06060606060606061
0,0.43434343434343436,6.58001267248414e-05,0.010101010101010102,0.03584505119710984,0.29292929292929293
0,0.3333333333333333,0.00016716433256581728,0.050505050505050504,0.03432506425810024,0.1414141414141414
0,0.6262626262626263,-1.7486994268840435e-05,0.8585858585858586,0.026201967227800035,0.7373737373737373
0,0.45454545454545453,5.3791397982198004e-06,0.5858585858585859,0.02123694142811325,0.5353535353535354
0,0.3838383838383838,0.0001311664371455376,0.15151515151515152,0.03163296646593054,0.1717171717171717
0,0.47474747474747475,3.010388450761117e-06,0.7878787878787878,0.0172839291066618,0.5050505050505051
0,0.3333333333333333,0.0001344178383421382,0.15151515151515152,0.03202511837686528,0.04040404040404041
0,0.48484848484848486,0.00013162490600751603,0.0707070707070707,0.03628112494219629,0.5252525252525253
0,0.37373737373737376,0.00022683436459755463,0.1111111111111111,0.03406420939432723,0.06060606060606061
0,0.5656565656565656,-7.17888844320321e-08,0.5656565656565656,0.019910420223932943,0.5555555555555556
0,0.5151515151515151,1.0716014965746577e-05,0.5353535353535354,0.01833418877639462,0.36363636363636365
0,0.42424242424242425,0.00017457037964841208,0.04040404040404041,0.032923098035489734,0.45454545454545453
0,0.40404040404040403,0.00019802077496206284,0.04040404040404041,0.038461271995647424,0.24242424242424243
0,0.36363636363636365,0.0002871537812710064,0.10101010101010101,0.04283685345742636,0.12121212121212122
0,0.35353535353535354,0.00019776949374395014,0.15151515151515152,0.04128068651009465,0.13131313131313133
0,0.32323232323232326,0.00011407906667454325,0.030303030303030304,0.02601794176951291,0.15151515151515152
0,0.5151515151515151,3.865093759237106e-05,0.1414141414141414,0.030148076607785696,0.010101010101010102
0,0.3939393939393939,2.3391365162584076e-05,0.13131313131313133,0.03566287243832994,0.5959595959595959
0,0.32323232323232326,0.0003560178363769566,0.04040404040404041,0.036674181962506366,0.45454545454545453
0,0.40404040404040403,0.00017636578014374566,0.010101010101010102,0.03224849411833142,0.5757575757575758
0,0.3333333333333333,0.001169585348238406,0.1414141414141414,0.04582887113406986,0.1919191919191919
0,0.47474747474747475,2.826264524115608e-05,0.1414141414141414,0.03579540212241219,0.7171717171717171
0,0.35353535353535354,0.00035632515492811824,0.050505050505050504,0.03222677953807075,0.2727272727272727
0,0.37373737373737376,0.0003721594446767677,0.04040404040404041,0.031450824997310854,0.47474747474747475
0,0.31313131313131315,0.0002923900168972553,0.04040404040404041,0.03191480240837254,0.30303030303030304
0,0.37373737373737376,9.545087253546962e-05,0.06060606060606061,0.03770113471761728,0.46464646464646464
0,0.29292929292929293,0.00010298102628410373,0.030303030303030304,0.03078725506168454,0.2727272727272727
0,0.40404040404040403,0.00013170449441979245,0.030303030303030304,0.03703260984525263,0.5656565656565656
0,0.30303030303030304,0.0005398897015672064,0.06060606060606061,0.044715753610938595,0.2222222222222222
0,0.3939393939393939,0.00020729457912967264,0.08080808080808081,0.04731584552425445,0.48484848484848486
0,0.32323232323232326,0.000595353932758333,0.050505050505050504,0.032214875671761144,0.48484848484848486
0,0.3434343434343434,0.0005817041095114609,0.020202020202020204,0.043198128275981684,0.3838383838383838
0,0.45454545454545453,3.4123982689656555e-06,0.2222222222222222,0.014712467178331315,0.24242424242424243
0,0.47474747474747475,1.6603086827628382e-06,0.4444444444444444,0.015064690168460012,0.25252525252525254
0,0.494949494949495,1.5076941428730361e-06,0.494949494949495,0.018608145298319625,0.2222222222222222
0,0.5252525252525253,2.8086818052894035e-06,0.2222222222222222,0.015574356910123962,0.30303030303030304
0,0.31313131313131315,0.0004134534666303679,0.06060606060606061,0.03686048435543058,0.2222222222222222
0,0.31313131313131315,0.00014366264952453653,0.010101010101010102,0.034958253653641906,0.2727272727272727
0,0.3333333333333333,0.0004018034076696225,0.050505050505050504,0.03134171138109895,0.2222222222222222
0,0.5656565656565656,-1.4605652197516032e-07,0.797979797979798,0.01265416945363481,0.20202020202020202
0,0.5151515151515151,5.0081811319397e-07,0.5757575757575758,0.014700087437953067,0.29292929292929293
0,0.4444444444444444,2.7112409789691067e-06,0.5353535353535354,0.012582232330988326,0.5252525252525253
0,0.45454545454545453,2.5750882603285915e-06,0.3939393939393939,0.01687371264997251,0.24242424242424243
0,0.35353535353535354,0.00010495057252726082,0.010101010101010102,0.019683209863014323,0.5050505050505051
0,0.26262626262626265,0.00039375639835580417,0.0707070707070707,0.028833519767865794,0.37373737373737376
0,0.5555555555555556,7.750000598764043e-06,0.050505050505050504,0.021374714095686104,0.09090909090909091
0,0.5050505050505051,9.894667312619838e-07,0.1919191919191919,0.012284052883556587,0.31313131313131315
0,0.5151515151515151,3.543984784054759e-06,0.24242424242424243,0.016135618195327245,0.45454545454545453
0,0.3838383838383838,2.1814785658991137e-05,0.2727272727272727,0.016686837268102737,0.43434343434343436
0,0.43434343434343436,3.2362668521491962e-06,0.09090909090909091,0.012641898547937526,0.5050505050505051
0,0.494949494949495,6.201217036859662e-06,0.25252525252525254,0.015743248871676864,0.46464646464646464
0,0.5050505050505051,1.9190228384637237e-06,0.24242424242424243,0.01277512363239395,0.48484848484848486
0,0.494949494949495,2.6407756262293165e-06,0.2727272727272727,0.01853914160413299,0.48484848484848486
0,0.47474747474747475,4.8187795867712055e-06,0.37373737373737376,0.01582741876553706,0.3939393939393939
0,0.37373737373737376,1.036771037667584e-05,0.2222222222222222,0.0181329225970306,0.494949494949495
0,0.3838383838383838,5.162027157604555e-05,0.16161616161616163,0.022990082462053838,0.3939393939393939
0,0.4444444444444444,6.87397832777525e-06,0.8080808080808081,0.022963512976699886,0.1414141414141414
0,0.47474747474747475,7.046914357640996e-05,0.04040404040404041,0.021617695691975095,0.2222222222222222
0,0.3838383838383838,0.00016447438841679827,0.020202020202020204,0.023393415774294365,0.24242424242424243
0,0.29292929292929293,0.0004783239802033744,0.030303030303030304,0.03176587136284185,0.09090909090909091
0,0.47474747474747475,9.168437313890505e-06,0.3434343434343434,0.019694355309754892,0.2222222222222222
0,0.47474747474747475,5.6700777614426995e-06,0.020202020202020204,0.01534208450474218,0.40404040404040403
0,0.45454545454545453,8.594049052699232e-06,0.16161616161616163,0.022865039643160737,0.42424242424242425
0,0.494949494949495,2.3546398379539678e-05,0.010101010101010102,0.024495399754370043,0.1414141414141414
0,0.5656565656565656,-3.965946259364331e-06,0.5656565656565656,0.024435992295576504,0.1717171717171717
0,0.30303030303030304,0.00019696438356194443,0.020202020202020204,0.027601008779325385,0.48484848484848486
0,0.31313131313131315,0.0010300620532396401,0.23232323232323232,0.051892500786155246,0.30303030303030304
0,0.30303030303030304,0.00023562319222064412,0.06060606060606061,0.03475177950733647,0.35353535353535354
0,0.37373737373737376,0.00015624445088689018,0.030303030303030304,0.02749781093996486,0.1717171717171717
0,0.5151515151515151,1.0748912196531728e-05,0.010101010101010102,0.017135588513760174,0.030303030303030304
0,0.5151515151515151,2.346050466951126e-06,0.010101010101010102,0.014982901572462865,0.06060606060606061
0,0.2727272727272727,0.00020614603344150997,0.030303030303030304,0.02969576314253267,0.26262626262626265
0,0.47474747474747475,2.856195766162727e-07,0.46464646464646464,0.011680872696167598,0.1717171717171717
0,0.42424242424242425,2.791407807485157e-06,0.16161616161616163,0.015621293786160706,0.06060606060606061
0,0.46464646464646464,4.419746478826515e-06,0.050505050505050504,0.018058886273549717,0.20202020202020202
0,0.20202020202020202,0.00045872137753353665,0.030303030303030304,0.04237587121579327,0.030303030303030304
0,0.31313131313131315,0.00024103332241445425,0.010101010101010102,0.04481211241803464,0.12121212121212122
0,0.5353535353535354,0.00012848617331218305,0.0707070707070707,0.026758600775523302,0.6262626262626263
0,0.45454545454545453,0.0004274031794359182,0.09090909090909091,0.029711872874506957,0.494949494949495
0,0.41414141414141414,0.0003150335062145563,0.08080808080808081,0.03349504857246084,0.7777777777777778
0,0.3939393939393939,0.0002706862415883094,0.1111111111111111,0.03108097242370527,0.6262626262626263
0,0.5050505050505051,2.818292433766023e-05,0.04040404040404041,0.027170968428075433,0.5454545454545454
0,0.25252525252525254,0.00022794105978579535,0.1111111111111111,0.024034008533942355,0.24242424242424243
0,0.48484848484848486,4.6551804252254904e-05,0.12121212121212122,0.03135400029146697,0.46464646464646464
0,0.5454545454545454,1.4792786770014957e-05,0.09090909090909091,0.025395929727407167,0.5757575757575758
0,0.3838383838383838,9.703827574367539e-05,0.0707070707070707,0.025469129652443967,0.3939393939393939
0,0.25252525252525254,0.0011666590769420482,0.13131313131313133,0.041567994699912694,0.46464646464646464
0,0.5858585858585859,-1.3575126566286456e-05,0.9595959595959596,0.017294862536815843,0.7171717171717171
0,0.5050505050505051,4.0657178512242444e-05,0.2828282828282828,0.02296097411753179,0.5959595959595959
0,0.3333333333333333,0.0007488619585467148,0.09090909090909091,0.030736726716517518,0.6363636363636364
0,0.45454545454545453,0.0006494706345897582,0.10101010101010101,0.03223697677861292,0.6161616161616161
0,0.4444444444444444,9.695827622634765e-05,0.32323232323232326,0.022935857181828858,0.7575757575757576
0,0.31313131313131315,0.00017641559102422665,0.030303030303030304,0.02672178673270036,0.30303030303030304
0,0.48484848484848486,1.3012000736191425e-05,0.9090909090909091,0.016704130173596076,0.23232323232323232
0,0.46464646464646464,-7.714263324602149e-07,1.0,0.014605247415690855,0.0
0,0.3333333333333333,0.0002040839922251071,0.15151515151515152,0.03706965461978304,0.40404040404040403
0,0.4444444444444444,0.0001265386842540358,0.030303030303030304,0.026763396776264117,0.18181818181818182
0,0.47474747474747475,0.00013033284839618012,0.030303030303030304,0.028030078260995017,0.13131313131313133
0,0.494949494949495,3.793092418344577e-05,0.050505050505050504,0.020486583256996135,0.20202020202020202
0,0.42424242424242425,8.339590940674339e-05,0.08080808080808081,0.019616378630245453,0.31313131313131315
0,0.5353535353535354,2.22107210136634e-05,0.050505050505050504,0.019549309022504034,0.16161616161616163
0,0.5353535353535354,-2.5689344364145384e-06,0.9393939393939394,0.01889656767398601,0.18181818181818182
0,0.40404040404040403,1.1431320784911881e-05,0.3939393939393939,0.023022356664794574,0.1414141414141414
0,0.47474747474747475,1.3025316489433456e-05,0.5454545454545454,0.022210062931474813,0.1717171717171717
0,0.40404040404040403,7.688795344468045e-05,0.1414141414141414,0.02676646499391969,0.010101010101010102
0,0.5656565656565656,-4.7303331884817576e-06,0.9191919191919192,0.017686695146716214,0.0
0,0.4444444444444444,3.610377450013368e-05,0.32323232323232326,0.024862726967472024,0.3434343434343434
0,0.30303030303030304,0.000324997716749909,0.050505050505050504,0.03096165757552421,0.3939393939393939
0,0.41414141414141414,0.00028971008760942464,0.030303030303030304,0.029461876789479632,0.5151515151515151
0,0.5757575757575758,-9.461962190446306e-06,0.9393939393939394,0.015823420827893734,0.30303030303030304
0,0.6464646464646465,-1.2681772649424428e-05,0.8888888888888888,0.017979974821579297,0.5353535353535354
0,0.5050505050505051,1.982884171251305e-05,0.5353535353535354,0.024846349582006072,0.4444444444444444
0,0.5656565656565656,-7.010139824698018e-08,0.7575757575757576,0.02288240343923042,0.36363636363636365
0,0.5151515151515151,1.4013713894984873e-05,0.13131313131313133,0.02483916662267166,0.3939393939393939
0,0.5050505050505051,6.8502376813850305e-06,0.898989898989899,0.02336601461391829,0.42424242424242425
0,0.43434343434343436,3.4966390358234706e-05,0.3838383838383838,0.02772885541669659,0.2828282828282828
0,0.5050505050505051,-2.3068623269486152e-07,0.6161616161616161,0.02178006268517168,0.3333333333333333
0,0.32323232323232326,7.499553025013798e-05,0.12121212121212122,0.02544775702765849,0.050505050505050504
0,0.45454545454545453,8.312700547309453e-05,0.20202020202020202,0.029531375636260137,0.0
0,0.43434343434343436,4.442617921107166e-06,0.7070707070707071,0.017863839985110985,0.0
0,0.43434343434343436,4.996777483995518e-05,0.13131313131313133,0.021265665178441785,0.15151515151515152
0,0.30303030303030304,0.00017550832258614776,0.18181818181818182,0.03256543275251137,0.46464646464646464
0,0.494949494949495,1.1503910033353333e-05,0.5959595959595959,0.0204850453439892,0.26262626262626265
0,0.20202020202020202,0.0007258112208745643,0.12121212121212122,0.036433919060743634,0.40404040404040403
0,0.36363636363636365,0.000132432368500006,0.1414141414141414,0.028718371855411904,0.1717171717171717
0,0.45454545454545453,0.00010522646393459415,0.09090909090909091,0.02223674297254369,0.0
0,0.494949494949495,3.2711678720877933e-06,0.98989898989899,0.020643574088692957,0.0
0,0.46464646464646464,2.574739059847602e-05,0.2828282828282828,0.023419412081320402,0.0
0,0.494949494949495,6.561156787244512e-05,0.050505050505050504,0.02293365025892755,0.2727272727272727
0,0.5050505050505051,9.177102943841428e-05,0.04040404040404041,0.022397040734429476,0.050505050505050504
0,0.3939393939393939,0.00019908768360951115,0.0707070707070707,0.022178050509356766,0.25252525252525254
0,0.32323232323232326,0.0002028926488331086,0.12121212121212122,0.02874717512425087,0.0
0,0.48484848484848486,8.781106541933456e-05,0.3333333333333333,0.029708665534879292,0.5353535353535354
0,0.35353535353535354,0.0001298262695549725,0.09090909090909091,0.028620315499350707,0.2222222222222222
0,0.36363636363636365,0.00018875637617667607,0.020202020202020204,0.031594990785700564,0.41414141414141414
0,0.32323232323232326,0.0006769126019320465,0.09090909090909091,0.048122313531835055,0.21212121212121213
0,0.2828282828282828,0.0005418480854870337,0.13131313131313133,0.053647541690342526,0.1414141414141414
0,0.43434343434343436,0.0004885089296893811,0.31313131313131315,0.04823630460293611,0.29292929292929293
0,0.3434343434343434,0.0003857347406776544,0.0707070707070707,0.03854810585139779,0.3838383838383838
0,0.3939393939393939,0.0003026713211612916,0.15151515151515152,0.04652661861153263,0.5252525252525253
0,0.2828282828282828,0.0006106869911311685,0.10101010101010101,0.047443398675643664,0.1919191919191919
0,0.2727272727272727,0.0007066714756010311,0.13131313131313133,0.04930590217677478,0.25252525252525254
0,0.35353535353535354,0.0005246033581575058,0.20202020202020202,0.05050296275947216,0.5151515151515151
0,0.35353535353535354,0.00044779022387100663,0.0707070707070707,0.04536486630036675,0.18181818181818182
0,0.4444444444444444,0.00019298946511059906,0.10101010101010101,0.038296386016548285,0.4444444444444444
0,0.3333333333333333,0.0003507971556103976,0.15151515151515152,0.04422477929007023,0.29292929292929293
0,0.3333333333333333,0.0005421928230829779,0.050505050505050504,0.0478574692859717,0.18181818181818182
0,0.25252525252525254,0.000874253257622611,0.1111111111111111,0.04701499320745557,0.1717171717171717
0,0.40404040404040403,0.0002813914338741463,0.2727272727272727,0.04663322497164226,0.5656565656565656
0,0.47474747474747475,5.280423490511786e-05,0.32323232323232326,0.0282222475182977,0.37373737373737376
0,0.37373737373737376,0.00018717711362555375,0.050505050505050504,0.03417759742052215,0.23232323232323232
0,0.36363636363636365,0.00023742431906806014,0.12121212121212122,0.033722265156051735,0.1717171717171717
0,0.35353535353535354,0.0002772516666265708,0.04040404040404041,0.03575718708772829,0.3333333333333333
0,0.26262626262626265,0.0002963967123031774,0.030303030303030304,0.03381916465081994,0.13131313131313133
0,0.43434343434343436,0.00016966402862856738,0.1414141414141414,0.03641296998349759,0.31313131313131315
0,0.37373737373737376,0.0003577601154305464,0.08080808080808081,0.04558398207929653,0.26262626262626265
0,0.35353535353535354,0.00032382620787725896,0.08080808080808081,0.04031057280394978,0.31313131313131315
0,0.37373737373737376,0.0001558304731838262,0.08080808080808081,0.02857932851717442,0.1717171717171717
0,0.5151515151515151,4.786832751564216e-05,0.030303030303030304,0.029022798442753964,0.15151515151515152
0,0.23232323232323232,0.00033815542170673033,0.10101010101010101,0.030182484876389054,0.10101010101010101
0,0.35353535353535354,8.472917841658775e-06,0.030303030303030304,0.013506386095080527,0.29292929292929293
0,0.40404040404040403,0.00013200174739267233,0.010101010101010102,0.02308413254497875,0.2222222222222222
0,0.3434343434343434,0.00012530845336697555,0.04040404040404041,0.022920029632934477,0.08080808080808081
0,0.29292929292929293,0.00018648625889912155,0.020202020202020204,0.021593635377627242,0.18181818181818182
0,0.40404040404040403,0.0004065108162052865,0.030303030303030304,0.026392807128518683,0.20202020202020202
0,0.48484848484848486,1.518007960235258e-05,0.04040404040404041,0.02377329792328685,0.020202020202020204
0,0.47474747474747475,6.416271390359505e-05,0.020202020202020204,0.029681941627266503,0.21212121212121213
0,0.30303030303030304,0.0001887033818293838,0.04040404040404041,0.039790259701094496,0.18181818181818182
0,0.5151515151515151,1.2083522516660988e-05,0.1717171717171717,0.024967864471334887,0.030303030303030304
0,0.3434343434343434,0.00014969230646310572,0.020202020202020204,0.02806531654807208,0.1111111111111111
0,0.41414141414141414,0.0002931137176990342,0.030303030303030304,0.039942618972910904,0.24242424242424243
0,0.48484848484848486,2.5257998356467127e-05,0.020202020202020204,0.02688930037600282,0.020202020202020204
0,0.42424242424242425,6.465241819890232e-06,0.1414141414141414,0.009847525128317366,0.36363636363636365
0,0.5252525252525253,3.547518394642859e-07,0.3939393939393939,0.012205329047852521,0.18181818181818182
0,0.5252525252525253,6.392334113473601e-05,0.010101010101010102,0.027400063648195055,0.09090909090909091
0,0.35353535353535354,6.753796436375022e-05,0.1414141414141414,0.025312195646180112,0.13131313131313133
0,0.26262626262626265,0.00042097317225071895,0.010101010101010102,0.04400804732244696,0.09090909090909091
0,0.5151515151515151,2.183272392889369e-05,0.020202020202020204,0.014092179148249118,0.0
0,0.24242424242424243,0.0005315540825485992,0.04040404040404041,0.04806232332158948,0.12121212121212122
0,0.40404040404040403,0.00018849107871567387,0.030303030303030304,0.038470746401722676,0.5858585858585859
0,0.24242424242424243,0.00036701030197587077,0.04040404040404041,0.04098160494103875,0.21212121212121213
0,0.3333333333333333,0.00036313167486206943,0.0707070707070707,0.031660990124217726,0.21212121212121213
0,0.29292929292929293,0.00044370634760046364,0.08080808080808081,0.034635952462228385,0.3434343434343434
0,0.32323232323232326,3.577463977404959e-05,0.12121212121212122,0.01832766616172398,0.42424242424242425
0,0.3838383838383838,6.379961084201743e-05,0.020202020202020204,0.02368101441053078,0.40404040404040403
0,0.45454545454545453,7.630335542953015e-05,0.16161616161616163,0.03333995910408485,0.1717171717171717
0,0.30303030303030304,0.00028048597880413873,0.010101010101010102,0.0349427224670312,0.35353535353535354
0,0.30303030303030304,0.00019153161225341476,0.18181818181818182,0.03776376247671792,0.13131313131313133
0,0.5353535353535354,0.00019445310156090013,0.16161616161616163,0.02624491065644086,0.1717171717171717
0,0.21212121212121213,0.00033544077613009585,0.12121212121212122,0.03610297086394962,0.09090909090909091
0,0.5252525252525253,-4.680889535849444e-07,0.5757575757575758,0.01427826539674977,0.08080808080808081
0,0.2727272727272727,0.0007305720294458795,0.08080808080808081,0.030739917099345183,0.010101010101010102
0,0.32323232323232326,0.000463032874749501,0.04040404040404041,0.034310723554090865,0.2727272727272727
0,0.43434343434343436,2.3879798667080475e-05,0.21212121212121213,0.021703752279794243,0.15151515151515152
0,0.2727272727272727,0.0005989107531740016,0.050505050505050504,0.046596035537158506,0.09090909090909091
0,0.32323232323232326,0.0007069426093846463,0.04040404040404041,0.035520712820580176,0.37373737373737376
0,0.29292929292929293,0.0004249434866869814,0.08080808080808081,0.04082245209590682,0.18181818181818182
0,0.25252525252525254,0.0006105260412719829,0.04040404040404041,0.0362299101927486,0.1919191919191919
0,0.21212121212121213,0.0009077702159316308,0.050505050505050504,0.055830555689862706,0.2727272727272727
0,0.2727272727272727,0.0005790409697647444,0.04040404040404041,0.058975489721739965,0.3333333333333333
0,0.1919191919191919,0.0010112665362790908,0.06060606060606061,0.038872467403490846,0.25252525252525254
0,0.1919191919191919,0.0009229331021717465,0.0707070707070707,0.05765732115644255,0.30303030303030304
0,0.2828282828282828,0.000311139761897303,0.06060606060606061,0.04999699005906459,0.20202020202020202
0,0.29292929292929293,0.0004139225635584326,0.04040404040404041,0.032350289355167365,0.29292929292929293
0,0.25252525252525254,0.001053809025219508,0.13131313131313133,0.06782975573560585,0.24242424242424243
0,0.26262626262626265,0.0007031211886189501,0.0707070707070707,0.05207798039189354,0.29292929292929293
0,0.25252525252525254,0.0008645446561915257,0.08080808080808081,0.060063078295286336,0.25252525252525254
0,0.40404040404040403,7.143330317256697e-05,0.010101010101010102,0.027547586887958705,0.21212121212121213
0,0.2222222222222222,0.0010501762592952388,0.10101010101010101,0.05583067132578787,0.1111111111111111
0,0.31313131313131315,0.000570110604897538,0.020202020202020204,0.05778719379942729,0.25252525252525254
0,0.23232323232323232,0.0004376714677690451,0.08080808080808081,0.04152998169555799,0.16161616161616163
0,0.2727272727272727,0.0013026420123245386,0.18181818181818182,0.0629447426934782,0.2222222222222222
0,0.29292929292929293,0.0003609899701027537,0.030303030303030304,0.029683844750903708,0.3939393939393939
0,0.5151515151515151,3.700735011443444e-05,0.15151515151515152,0.024846588631774007,0.5757575757575758
0,0.40404040404040403,2.0319017980215173e-05,0.6363636363636364,0.023952033533565863,0.46464646464646464
0,0.3939393939393939,6.774279624729926e-05,0.24242424242424243,0.0279331003427734,0.4444444444444444
0,0.3333333333333333,0.00025824157199399447,0.0707070707070707,0.0353643238216597,0.29292929292929293
0,0.48484848484848486,6.483554472343874e-05,0.1414141414141414,0.02570783005169572,0.0
0,0.46464646464646464,6.693435048135857e-05,0.1111111111111111,0.027616972883382863,0.45454545454545453
0,0.48484848484848486,0.00014046459982967966,0.1111111111111111,0.03520260053742081,0.6161616161616161
0,0.3939393939393939,1.9249632834001884e-05,0.5353535353535354,0.022047641582235038,0.0707070707070707
0,0.47474747474747475,5.193230450277637e-05,0.16161616161616163,0.02636435063019956,0.030303030303030304
0,0.47474747474747475,5.094195908321172e-05,0.3434343434343434,0.0229637407011791,0.3434343434343434
0,0.43434343434343436,0.00019062804299227118,0.1111111111111111,0.024984420605970545,0.45454545454545453
0,0.3838383838383838,9.896416633923177e-05,0.050505050505050504,0.02375703369022095,0.5252525252525253
0,0.26262626262626265,0.00018957171545675168,0.16161616161616163,0.03163606034420121,0.3434343434343434
0,0.47474747474747475,2.5151113351538966e-06,0.8888888888888888,0.02676329063665484,0.8080808080808081
0,0.37373737373737376,0.00026410143535919724,0.0707070707070707,0.03902971485213494,0.5454545454545454
0,0.4444444444444444,0.0001831029116220824,0.050505050505050504,0.033722066050641056,0.5353535353535354
0,0.5353535353535354,-1.0398316912922711e-07,1.0,0.017709826036932916,0.0
0,0.42424242424242425,9.553239227618321e-06,0.6262626262626263,0.020763041356200444,0.36363636363636365
0,0.47474747474747475,1.0584976105889763e-05,0.5151515151515151,0.027435814629221712,0.21212121212121213
0,0.37373737373737376,5.219871094548589e-05,0.16161616161616163,0.02597775217112682,0.0
0,0.42424242424242425,1.9788285133220126e-05,0.8888888888888888,0.024377459695430276,0.0
0,0.48484848484848486,4.3331594953348166e-05,0.050505050505050504,0.02707506952494413,0.12121212121212122
0,0.46464646464646464,2.5524876014429973e-06,0.9494949494949495,0.02159564441717707,0.0
0,0.494949494949495,6.54977190388613e-08,0.8888888888888888,0.021364952945413317,0.0
0,0.494949494949495,1.0530225418080343e-06,0.9090909090909091,0.019175523164714284,0.4444444444444444
0,0.35353535353535354,0.00022542687491286365,0.0707070707070707,0.03660981376149692,0.2222222222222222
0,0.3939393939393939,7.198325083853556e-05,0.1919191919191919,0.026728000001790063,0.0
0,0.5555555555555556,4.282308011561324e-06,0.7070707070707071,0.027059651788490888,0.1414141414141414
0,0.5757575757575758,-6.679943480949805e-06,0.7878787878787878,0.023657243254784407,0.06060606060606061
0,0.41414141414141414,1.835195705680607e-05,0.16161616161616163,0.015350544559131938,0.20202020202020202
0,0.40404040404040403,5.232223396930174e-06,0.2828282828282828,0.01711841089665485,0.2828282828282828
0,0.37373737373737376,4.13088406668327e-05,0.06060606060606061,0.020096499085970512,0.30303030303030304
0,0.45454545454545453,3.5993725039476563e-06,0.26262626262626265,0.014708109117898703,0.30303030303030304
0,0.46464646464646464,1.5854974071068807e-05,0.020202020202020204,0.018594345601917764,0.3333333333333333
0,0.46464646464646464,1.2447739327659955e-05,0.09090909090909091,0.014479633549458772,0.42424242424242425
0,0.42424242424242425,5.062855946203158e-06,0.36363636363636365,0.014380579265577247,0.29292929292929293
0,0.43434343434343436,5.994821126728797e-06,0.20202020202020202,0.016996496445724853,0.30303030303030304
0,0.5050505050505051,1.0492763253236596e-06,0.6565656565656566,0.01237704586404272,0.04040404040404041
0,0.5050505050505051,-1.2926886232906234e-07,0.48484848484848486,0.016402760930044107,0.37373737373737376
0,0.48484848484848486,6.645975068603523e-07,0.5959595959595959,0.013000163988427842,0.13131313131313133
0,0.5050505050505051,-7.424484075326669e-07,0.6363636363636364,0.010877544943824554,0.23232323232323232
0,0.45454545454545453,1.6826819658005348e-06,0.4444444444444444,0.013466788059222594,0.3434343434343434
0,0.494949494949495,2.719203249535296e-06,0.21212121212121213,0.01802310096825424,0.3939393939393939
0,0.42424242424242425,3.247232826207483e-05,0.050505050505050504,0.016005635003858158,0.21212121212121213
0,0.24242424242424243,0.000544382576236887,0.050505050505050504,0.03907012749873864,0.4444444444444444
0,0.23232323232323232,0.0005192756481676447,0.050505050505050504,0.03494304764348295,0.37373737373737376
0,0.2222222222222222,0.0005727256787243975,0.030303030303030304,0.03786484811196627,0.26262626262626265
0,0.46464646464646464,2.0472425104912667e-06,0.010101010101010102,0.00980329087574991,0.6060606060606061
0,0.36363636363636365,4.8299926530969074e-05,0.050505050505050504,0.020611775443842142,0.6363636363636364
0,0.31313131313131315,0.00015435251890922967,0.050505050505050504,0.03804950822568797,0.29292929292929293
0,0.26262626262626265,0.0006361084414375377,0.050505050505050504,0.04509644200948321,0.3333333333333333
0,0.21212121212121213,0.0015316196772261388,0.08080808080808081,0.05660439814134464,0.24242424242424243
0,0.36363636363636365,2.9542924509177783e-05,0.04040404040404041,0.02118879409082197,0.37373737373737376
0,0.3434343434343434,7.899697761529744e-05,0.010101010101010102,0.0257715984249843,0.37373737373737376
0,0.2727272727272727,0.00011646034043329491,0.030303030303030304,0.02416525268641602,0.5454545454545454
0,0.30303030303030304,0.0004528871736759445,0.050505050505050504,0.05322186093018986,0.3333333333333333
0,0.3434343434343434,0.0005048625562981574,0.04040404040404041,0.03717336247560625,0.37373737373737376
0,0.24242424242424243,0.0004894078902189622,0.04040404040404041,0.034155572561061026,0.31313131313131315
0,0.30303030303030304,0.0004083074241135659,0.030303030303030304,0.03996800660027679,0.47474747474747475
0,0.12121212121212122,0.00041919164446872987,0.020202020202020204,0.034228005028083146,0.31313131313131315
0,0.18181818181818182,0.0008955266181139656,0.04040404040404041,0.05561197230639861,0.31313131313131315
0,0.5353535353535354,1.4595067422274808e-05,0.010101010101010102,0.016015748064731525,0.3333333333333333
0,0.1717171717171717,0.0006501232013263207,0.030303030303030304,0.03441354758145851,0.41414141414141414
0,0.31313131313131315,0.00043268809522585723,0.020202020202020204,0.02945198134137978,0.6363636363636364
0,0.1919191919191919,0.00039146443085757803,0.050505050505050504,0.035902517612321806,0.31313131313131315
0,0.2222222222222222,0.00014042373337458156,0.020202020202020204,0.021026746352878874,0.20202020202020202
0,0.2222222222222222,0.00041360286026763914,0.020202020202020204,0.0317484613097914,0.30303030303030304
0,0.1717171717171717,0.00010352318119095902,0.06060606060606061,0.0314083868358106,0.24242424242424243
0,0.18181818181818182,0.0001579379827356125,0.030303030303030304,0.034245442111329766,0.2727272727272727
0,0.1414141414141414,0.0009425737113939974,0.08080808080808081,0.0472346400079922,0.48484848484848486
0,0.30303030303030304,0.00026311193383643034,0.010101010101010102,0.03645941427641555,0.31313131313131315
0,0.1919191919191919,0.0009306576527690709,0.050505050505050504,0.04859396191661581,0.36363636363636365
0,0.21212121212121213,0.00035257547075001074,0.010101010101010102,0.03784278727798026,0.46464646464646464
0,0.30303030303030304,7.250361083305052e-05,0.04040404040404041,0.015413350619441043,0.42424242424242425
0,0.31313131313131315,0.00020935230811794752,0.04040404040404041,0.04338412524812031,0.1414141414141414
0,0.41414141414141414,0.00011676570590101085,0.030303030303030304,0.030872726738529237,0.32323232323232326
0,0.2727272727272727,0.00015446720897255078,0.08080808080808081,0.02910948324731274,0.15151515151515152
0,0.23232323232323232,0.00038787595386428843,0.030303030303030304,0.038991022098871564,0.0707070707070707
0,0.43434343434343436,0.0001768535125779293,0.020202020202020204,0.021719060185012205,0.15151515151515152
0,0.25252525252525254,0.0007005005309021548,0.0707070707070707,0.026078753695984835,0.30303030303030304
0,0.29292929292929293,0.00030639587288480274,0.050505050505050504,0.030069050323923763,0.23232323232323232
0,0.29292929292929293,0.00022470014380602466,0.04040404040404041,0.04223485166054837,0.30303030303030304
0,0.24242424242424243,0.0005764337240492436,0.09090909090909091,0.042652968516171674,0.23232323232323232
0,0.48484848484848486,1.6612727945566133e-05,0.030303030303030304,0.021882504280016875,0.32323232323232326
0,0.29292929292929293,0.00019408440039732857,0.030303030303030304,0.03711326631678211,0.30303030303030304
0,0.40404040404040403,8.755745607656913e-05,0.020202020202020204,0.03469362774905832,0.1919191919191919
0,0.2727272727272727,0.0007443812150311991,0.15151515151515152,0.039541031746825515,0.21212121212121213
0,0.24242424242424243,0.0004198353690082407,0.050505050505050504,0.03742826258451458,0.08080808080808081
0,0.3333333333333333,0.00018691308794021555,0.030303030303030304,0.033023973128165,0.3434343434343434
0,0.20202020202020202,0.0007601982005703909,0.13131313131313133,0.03885551668072101,0.45454545454545453
0,0.26262626262626265,0.0004378064052699207,0.050505050505050504,0.022231272456121935,0.36363636363636365
0,0.3434343434343434,0.00022352140996205594,0.020202020202020204,0.027723488236221335,0.32323232323232326
0,0.35353535353535354,0.00011201698644258339,0.1414141414141414,0.017145351382533293,0.2727272727272727
0,0.3838383838383838,8.882368866802914e-05,0.030303030303030304,0.029380407203069045,0.1111111111111111
0,0.32323232323232326,0.0004842417719336273,0.050505050505050504,0.043917540960715214,0.5151515151515151
0,0.48484848484848486,1.4782176966408841e-05,0.030303030303030304,0.018536731643874007,0.3434343434343434
0,0.30303030303030304,0.00036409537972360905,0.0707070707070707,0.03834856828092035,0.030303030303030304
0,0.3434343434343434,0.000362053903243968,0.030303030303030304,0.03985485471056333,0.050505050505050504
0,0.3434343434343434,0.00022948514967966515,0.0707070707070707,0.04558235048127502,0.1414141414141414
0,0.36363636363636365,0.00037982872306666337,0.030303030303030304,0.03365259072664048,0.3333333333333333
0,0.25252525252525254,0.0005528764648196161,0.04040404040404041,0.044612968875246586,0.43434343434343436
0,0.36363636363636365,0.0002136410984532004,0.010101010101010102,0.0452705668361117,0.3838383838383838
0,0.3838383838383838,0.00027534575301250936,0.010101010101010102,0.026309507242899734,0.0
0,0.40404040404040403,3.4646997842707625e-05,0.010101010101010102,0.021773175782714246,0.21212121212121213
0,0.3333333333333333,0.00011310048003500942,0.12121212121212122,0.03534013762784586,0.21212121212121213
0,0.41414141414141414,5.701063573480785e-05,0.020202020202020204,0.026296449386597885,0.2828282828282828
0,0.35353535353535354,6.716857918547399e-05,0.13131313131313133,0.032695824921894594,0.26262626262626265
0,0.2828282828282828,0.0008184425435276563,0.1414141414141414,0.043963686052888834,0.48484848484848486
0,0.43434343434343436,7.010138444200315e-06,0.32323232323232326,0.02677634506295037,0.494949494949495
0,0.3939393939393939,1.846552163501293e-05,0.06060606060606061,0.027153120622466196,0.29292929292929293
0,0.32323232323232326,0.000189937624587117,0.020202020202020204,0.03612709490472541,0.1919191919191919
0,0.25252525252525254,0.0004570756404882482,0.030303030303030304,0.034779805425067464,0.1717171717171717
0,0.36363636363636365,2.350698034747458e-05,0.020202020202020204,0.02484513351062076,0.09090909090909091
0,0.43434343434343436,0.00010294103431887359,0.020202020202020204,0.03107022747927329,0.13131313131313133
0,0.3434343434343434,9.144379148266674e-05,0.04040404040404041,0.023213827662763975,0.24242424242424243
0,0.2828282828282828,0.00015588721629797414,0.04040404040404041,0.02391959132394037,0.16161616161616163
0,0.32323232323232326,0.00010400925590941906,0.030303030303030304,0.027843400185683324,0.1919191919191919
0,0.37373737373737376,8.062110670526265e-05,0.030303030303030304,0.019632699186064168,0.2222222222222222
0,0.42424242424242425,6.38693666848789e-06,0.0707070707070707,0.013290270204996157,0.1414141414141414
0,0.5353535353535354,7.225242691046434e-06,0.030303030303030304,0.010133201901816768,0.3333333333333333
0,0.36363636363636365,0.0001112803791026064,0.04040404040404041,0.018199660316783085,0.25252525252525254
0,0.40404040404040403,0.00011218592091654797,0.04040404040404041,0.02285429639101315,0.36363636363636365
0,0.29292929292929293,0.00011191144580212358,0.020202020202020204,0.0214729083715701,0.20202020202020202
0,0.46464646464646464,1.754406390452042e-05,0.030303030303030304,0.01682181234700495,0.06060606060606061
0,0.24242424242424243,0.0003557542474711666,0.12121212121212122,0.03278396945698202,0.15151515151515152
0,0.31313131313131315,7.010515117531374e-05,0.04040404040404041,0.023905984226131525,0.26262626262626265
0,0.47474747474747475,3.058573081293564e-05,0.020202020202020204,0.01684977116021658,0.3434343434343434
0,0.30303030303030304,0.00010717240535286444,0.020202020202020204,0.023986671297449882,0.2828282828282828
0,0.46464646464646464,1.5553704798523066e-05,0.020202020202020204,0.010486035754067955,0.3939393939393939
0,0.43434343434343436,1.6484222409934718e-05,0.010101010101010102,0.023891972162701787,0.1111111111111111
0,0.43434343434343436,4.390359355933266e-06,0.06060606060606061,0.01978270868566513,0.09090909090909091
0,0.5151515151515151,1.666819700123998e-05,0.30303030303030304,0.028510330401721524,0.6363636363636364
0,0.37373737373737376,0.0005509783400736444,0.1414141414141414,0.03698969196064096,0.5353535353535354
0,0.32323232323232326,0.0006161807889138207,0.09090909090909091,0.042920615622270335,0.35353535353535354
0,0.3333333333333333,0.0005657158321639295,0.0707070707070707,0.03314859678494761,0.3333333333333333
0,0.35353535353535354,0.000555808594697408,0.16161616161616163,0.0409530449765379,0.32323232323232326
0,0.40404040404040403,0.0003817643250833055,0.06060606060606061,0.02976185914790368,0.5555555555555556
0,0.32323232323232326,0.0005818657233723372,0.1717171717171717,0.04953351692084996,0.45454545454545453
0,0.35353535353535354,0.00026906040329984627,0.020202020202020204,0.028332649109098353,0.37373737373737376
0,0.21212121212121213,0.0006946323066484762,0.09090909090909091,0.03698210062069804,0.23232323232323232
0,0.45454545454545453,0.0001679808243746205,0.020202020202020204,0.027400739871518174,0.4444444444444444
0,0.31313131313131315,0.0006456753971255631,0.16161616161616163,0.04456557662467456,0.2222222222222222
0,0.29292929292929293,0.0002584983311677033,0.0707070707070707,0.03582621582821768,0.30303030303030304
0,0.5151515151515151,0.00029449258426497227,0.04040404040404041,0.039640739954528346,0.5454545454545454
0,0.45454545454545453,4.570829469803632e-05,0.1717171717171717,0.025084356686137156,0.48484848484848486
0,0.30303030303030304,0.0003301221313979974,0.04040404040404041,0.029062980085988965,0.20202020202020202
0,0.41414141414141414,5.496477849434969e-05,0.020202020202020204,0.02980851303619632,0.1111111111111111
0,0.31313131313131315,7.690645944545e-05,0.04040404040404041,0.028925986122381515,0.20202020202020202
0,0.42424242424242425,1.4867998053476107e-05,0.010101010101010102,0.02527947888766432,0.1111111111111111
0,0.25252525252525254,0.00020833198968745893,0.10101010101010101,0.03294480241786228,0.050505050505050504
0,0.36363636363636365,3.771574249468913e-05,0.04040404040404041,0.026332877385896417,0.1414141414141414
0,0.35353535353535354,9.19364599071612e-05,0.04040404040404041,0.027559798971666855,0.06060606060606061
0,0.43434343434343436,3.827910800275796e-06,0.050505050505050504,0.01889324653780877,0.13131313131313133
0,0.46464646464646464,3.732522299862642e-06,0.020202020202020204,0.02023765266542448,0.1717171717171717
0,0.4444444444444444,3.6526012463016996e-05,0.010101010101010102,0.023755628690132747,0.494949494949495
0,0.41414141414141414,7.817282212577079e-05,0.030303030303030304,0.0248790494576961,0.43434343434343436
0,0.2222222222222222,0.0008242598721989093,0.04040404040404041,0.041864250394448035,0.20202020202020202
0,0.45454545454545453,0.00011100977787693643,0.020202020202020204,0.02401310883947018,0.43434343434343436
0,0.41414141414141414,6.90462953565373e-05,0.020202020202020204,0.02567137015929825,0.41414141414141414
0,0.5353535353535354,-1.3907825211388856e-06,1.0,0.01901966659632339,0.0
0,0.40404040404040403,0.0001596855735266266,0.020202020202020204,0.03051124429920125,0.31313131313131315
0,0.2828282828282828,0.0003857197563781497,0.08080808080808081,0.03967187371991624,0.16161616161616163
0,0.5252525252525253,9.441268218742833e-06,0.10101010101010101,0.029045699189470687,0.5555555555555556
0,0.41414141414141414,1.0286933260818158e-05,0.2727272727272727,0.01508977822367395,0.2727272727272727
0,0.2727272727272727,0.00021394032700175136,0.020202020202020204,0.026056235929510056,0.1717171717171717
0,0.37373737373737376,1.071204823607634e-05,0.3333333333333333,0.014693511401485249,0.41414141414141414
0,0.5050505050505051,1.4252283473362796e-05,0.1111111111111111,0.02361910497569765,0.5050505050505051
0,0.3838383838383838,0.00020660255617094308,0.020202020202020204,0.0326599331800979,0.41414141414141414
0,0.45454545454545453,1.118413007202288e-05,0.10101010101010101,0.021734143437048572,0.3434343434343434
0,0.5555555555555556,-5.26353887946877e-07,0.47474747474747475,0.013600572225304518,0.10101010101010101
0,0.36363636363636365,0.00012879335145060358,0.08080808080808081,0.02792206196551026,0.2222222222222222
0,0.5656565656565656,2.37878931284754e-06,0.16161616161616163,0.018985471278694793,0.3333333333333333
0,0.5050505050505051,7.4336670714350905e-06,0.12121212121212122,0.018001419906503627,0.2222222222222222
0,0.5454545454545454,-1.2234769972145307e-06,0.25252525252525254,0.014708741182541566,0.2222222222222222
0,0.5252525252525253,4.317973770010262e-06,0.2222222222222222,0.021013502673825474,0.1919191919191919
0,0.29292929292929293,1.7010373759689825e-05,0.050505050505050504,0.010927658977861342,0.010101010101010102
0,0.45454545454545453,6.602565335431386e-06,0.12121212121212122,0.016435459596471094,0.24242424242424243
0,0.5858585858585859,7.334865260536969e-06,0.09090909090909091,0.015570497165634285,0.2828282828282828
0,0.3333333333333333,0.00010388788099844656,0.06060606060606061,0.031108206639223812,0.06060606060606061
0,0.48484848484848486,1.3690538814489744e-05,0.15151515151515152,0.017964355782533536,0.21212121212121213
0,0.5454545454545454,-2.541861376975288e-06,0.7777777777777778,0.015383973154682517,0.24242424242424243
0,0.41414141414141414,1.9138769346632132e-05,0.3434343434343434,0.0290675091496268,0.1717171717171717
0,0.36363636363636365,0.00024528368460611816,0.050505050505050504,0.029925343002712095,0.10101010101010101
0,0.40404040404040403,5.448453930435773e-05,0.09090909090909091,0.02757769025724478,0.030303030303030304
0,0.42424242424242425,2.8040943141075908e-05,0.010101010101010102,0.014156495597502428,0.010101010101010102
0,0.4444444444444444,3.203277440812307e-06,0.020202020202020204,0.014076607930603405,0.0
0,0.2222222222222222,7.037205883144961e-05,0.020202020202020204,0.020939119144562507,0.04040404040404041
0,0.45454545454545453,2.3519085445725393e-07,0.23232323232323232,0.005775998005408843,0.020202020202020204
0,0.23232323232323232,0.00014842875997335864,0.020202020202020204,0.023786025540643064,0.0
0,0.16161616161616163,0.0005526207704856971,0.050505050505050504,0.03597049749940707,0.050505050505050504
0,0.1919191919191919,0.0004000331173131359,0.04040404040404041,0.03526158453818475,0.0
0,0.18181818181818182,0.0001658174399307889,0.020202020202020204,0.03207305547374697,0.0
0,0.21212121212121213,0.000161316071349137,0.030303030303030304,0.02809932971862701,0.09090909090909091
0,0.5252525252525253,2.9457916190716044e-07,0.18181818181818182,0.007993823581988514,0.0
0,0.21212121212121213,1.7452407035655793e-05,0.010101010101010102,0.01792146652497893,0.010101010101010102
0,0.1414141414141414,0.00046956581880262083,0.06060606060606061,0.041597108683838195,0.0
0,0.1919191919191919,0.0006364890979362065,0.09090909090909091,0.03640781905013246,0.0
0,0.21212121212121213,0.000659735161116687,0.0707070707070707,0.028816540384771116,0.010101010101010102
0,0.2222222222222222,0.00020381775831672372,0.04040404040404041,0.021903084839469223,0.0
0,0.5050505050505051,5.841783253668118e-07,1.0,0.02133545206530389,0.0
0,0.29292929292929293,0.0001682879449589031,0.020202020202020204,0.026783500229677754,0.18181818181818182
0,0.46464646464646464,0.00024179702966108248,0.020202020202020204,0.029552713571898728,0.5454545454545454
0,0.3434343434343434,0.00023857114281440817,0.0707070707070707,0.03178612364718224,0.4444444444444444
0,0.2727272727272727,0.00016825469463547428,0.06060606060606061,0.027632661419241176,0.2828282828282828
0,0.45454545454545453,6.81406008191896e-05,0.030303030303030304,0.02521555924167767,0.5151515151515151
0,0.32323232323232326,0.000564661375761253,0.12121212121212122,0.039010014146752946,0.24242424242424243
0,0.3939393939393939,0.00025824883180805287,0.10101010101010101,0.0366103586691499,0.40404040404040403
0,0.3838383838383838,8.123475529961188e-05,0.10101010101010101,0.02864301512209416,0.3939393939393939
0,0.32323232323232326,0.00023434342228112552,0.09090909090909091,0.03342476723804083,0.3838383838383838
0,0.3434343434343434,0.00031351589789323296,0.08080808080808081,0.04452757808017512,0.4444444444444444
0,0.32323232323232326,0.0002641423932604766,0.020202020202020204,0.038108449852398446,0.45454545454545453
0,0.32323232323232326,0.00023262225750099772,0.08080808080808081,0.02800960180896902,0.5454545454545454
0,0.3939393939393939,0.00012481348381874585,0.020202020202020204,0.029618169723466408,0.3434343434343434
0,0.3434343434343434,2.4080930886960485e-05,0.12121212121212122,0.01924731383156007,0.2727272727272727
0,0.3434343434343434,0.00045521269430295533,0.16161616161616163,0.04576788773560928,0.1919191919191919
0,0.32323232323232326,0.00022746691978028954,0.030303030303030304,0.03357047175988626,0.5151515151515151
0,0.29292929292929293,0.0008126637666104545,0.08080808080808081,0.04731959625683765,0.3333333333333333
0,0.23232323232323232,0.0011382342527449121,0.09090909090909091,0.04031191810118418,0.31313131313131315
0,0.36363636363636365,0.0002707435166114242,0.030303030303030304,0.0414389472269751,0.13131313131313133
0,0.35353535353535354,0.00031488348565560174,0.050505050505050504,0.047043887110143186,0.45454545454545453
0,0.3333333333333333,0.0005346510246378857,0.06060606060606061,0.04751591118290856,0.1111111111111111
0,0.40404040404040403,0.000135118617055703,0.020202020202020204,0.0312164074853584,0.25252525252525254
0,0.3434343434343434,0.00035145565416902237,0.0707070707070707,0.042884474562671505,0.1919191919191919
0,0.31313131313131315,0.00042904900621955073,0.06060606060606061,0.04469881038966068,0.13131313131313133
0,0.2828282828282828,0.00031039463430480114,0.04040404040404041,0.049783113274073774,0.13131313131313133
0,0.35353535353535354,0.00016108963694118917,0.04040404040404041,0.035962585102048715,0.43434343434343436
0,0.3838383838383838,0.00013554178945071878,0.050505050505050504,0.038259192579284645,0.41414141414141414
0,0.3434343434343434,0.000538525768427128,0.06060606060606061,0.041373985438477645,0.15151515151515152
0,0.25252525252525254,0.0006182517136142564,0.0707070707070707,0.03033529089847807,0.16161616161616163
0,0.5353535353535354,0.000127143123389328,0.04040404040404041,0.027750685990504342,0.8383838383838383
0,0.32323232323232326,0.001071572811424386,0.06060606060606061,0.03333810976932135,0.3939393939393939
0,0.3333333333333333,0.0006100008581610121,0.09090909090909091,0.027502987422767754,0.0707070707070707
0,0.494949494949495,0.0004295734775292938,0.030303030303030304,0.029924158579304465,0.6868686868686869
0,0.24242424242424243,0.0014797093582844967,0.15151515151515152,0.04376660907580843,0.32323232323232326
0,0.25252525252525254,0.0012389058958820617,0.050505050505050504,0.04970944679555509,0.25252525252525254
0,0.3333333333333333,0.0011532010061418628,0.1111111111111111,0.047072045977935836,0.41414141414141414
0,0.40404040404040403,0.00016356800146218343,0.050505050505050504,0.024026013061319792,0.30303030303030304
0,0.3434343434343434,0.0012551702755179061,0.18181818181818182,0.06911493022593265,0.40404040404040403
0,0.46464646464646464,0.00015022784484151926,0.10101010101010101,0.034768333723085604,0.494949494949495
0,0.31313131313131315,0.0013512924912040718,0.1414141414141414,0.06157031602128769,0.31313131313131315
0,0.29292929292929293,0.0014767424813796656,0.18181818181818182,0.04817130881911691,0.18181818181818182
0,0.31313131313131315,0.00115525367852662,0.09090909090909091,0.03989738799056138,0.3939393939393939
0,0.29292929292929293,0.0008884465967836869,0.08080808080808081,0.03772773636803264,0.40404040404040403
0,0.32323232323232326,0.0010330281694336124,0.0707070707070707,0.04515812057344259,0.2222222222222222
0,0.26262626262626265,0.0004426622425400491,0.13131313131313133,0.03685198521498314,0.2727272727272727
0,0.2727272727272727,7.76763584613045e-05,0.010101010101010102,0.024406256824126168,0.30303030303030304
0,0.24242424242424243,0.0004666067764163863,0.030303030303030304,0.03997107554890537,0.2828282828282828
0,0.2222222222222222,0.00022197820730991057,0.06060606060606061,0.02425412616578054,0.4444444444444444
0,0.26262626262626265,0.00018367349795711635,0.010101010101010102,0.027621068233236117,0.4444444444444444
0,0.1717171717171717,0.00033734448298985265,0.06060606060606061,0.02671941893277,0.25252525252525254
0,0.21212121212121213,0.00022539101469714278,0.020202020202020204,0.028435487166308615,0.3939393939393939
0,0.15151515151515152,0.00035848515180996767,0.030303030303030304,0.027275419489153015,0.2222222222222222
0,0.20202020202020202,0.0002777130204139064,0.010101010101010102,0.03179375147863702,0.35353535353535354
0,0.26262626262626265,0.0003933627185483658,0.030303030303030304,0.04658481692858228,0.21212121212121213
0,0.3939393939393939,5.360949777068014e-05,0.010101010101010102,0.024322972391393746,0.5656565656565656
0,0.5050505050505051,2.9054642145490964e-07,0.21212121212121213,0.007369401557697815,0.42424242424242425
0,0.26262626262626265,0.0002476238981071711,0.020202020202020204,0.026984615387170237,0.4444444444444444
0,0.3434343434343434,3.5201069219961784e-05,0.010101010101010102,0.017121657757679553,0.13131313131313133
0,0.18181818181818182,0.0008890076361709666,0.04040404040404041,0.04743730605177008,0.36363636363636365
0,0.5454545454545454,-2.665708209707133e-06,0.8080808080808081,0.01983071480208144,0.6767676767676768
0,0.4444444444444444,0.00014625174698007712,0.10101010101010101,0.02723402281292916,0.6565656565656566
0,0.5353535353535354,-5.109007607463451e-06,0.8787878787878788,0.01672943401092814,0.6060606060606061
0,0.5050505050505051,4.562866066086675e-07,0.5454545454545454,0.02134036566020761,0.5959595959595959
0,0.42424242424242425,7.312373439600272e-05,0.030303030303030304,0.028399298759893943,0.4444444444444444
0,0.45454545454545453,0.0002311474357540999,0.050505050505050504,0.026407051993632236,0.47474747474747475
0,0.40404040404040403,0.00033975101469513064,0.06060606060606061,0.025265191111784848,0.48484848484848486
0,0.48484848484848486,8.654438533733622e-05,0.10101010101010101,0.02330584470336807,0.7070707070707071
0,0.31313131313131315,0.0005138177061404099,0.21212121212121213,0.030936157985739992,0.5252525252525253
0,0.35353535353535354,0.00036821428818173575,0.08080808080808081,0.02627574971009668,0.5151515151515151
0,0.5959595959595959,1.6867455264651674e-05,0.030303030303030304,0.02204456967013952,0.5454545454545454
0,0.5050505050505051,-5.167499539102549e-06,0.9595959595959596,0.015560123766611034,0.5858585858585859
0,0.35353535353535354,0.000378262368454166,0.06060606060606061,0.03066097599704236,0.494949494949495
0,0.5252525252525253,-3.347295495985045e-06,0.8686868686868687,0.01585438661952175,0.5353535353535354
0,0.35353535353535354,0.00037566318384750453,0.0707070707070707,0.027171384237939213,0.6565656565656566
0,0.29292929292929293,0.00011447659623898607,0.08080808080808081,0.03944454314135039,0.3939393939393939
0,0.30303030303030304,0.00028969625406818905,0.06060606060606061,0.045393934444607466,0.06060606060606061
0,0.32323232323232326,0.00015671421069801163,0.2222222222222222,0.037335006640412276,0.2222222222222222
0,0.3333333333333333,0.00024029956126322418,0.08080808080808081,0.0286013586743956,0.24242424242424243
0,0.48484848484848486,0.00012701429819482685,0.020202020202020204,0.032442248481084957,0.45454545454545453
0,0.37373737373737376,0.00039538695935123925,0.15151515151515152,0.04521829585208315,0.35353535353535354
0,0.42424242424242425,0.00022002901284181935,0.15151515151515152,0.04766302038974125,0.3434343434343434
0,0.29292929292929293,0.00017624684448074672,0.030303030303030304,0.039787806384560365,0.23232323232323232
0,0.31313131313131315,0.0003139623743087961,0.09090909090909091,0.04620554312895853,0.1111111111111111
0,0.36363636363636365,0.00019403962480370125,0.06060606060606061,0.04109872531455961,0.41414141414141414
0,0.40404040404040403,0.00020140000810878742,0.29292929292929293,0.040696592987077625,0.31313131313131315
0,0.37373737373737376,0.0002363621848466091,0.21212121212121213,0.04662479720937612,0.26262626262626265
0,0.3434343434343434,0.00020366087619443554,0.08080808080808081,0.03547170727102264,0.3939393939393939
0,0.30303030303030304,9.203627612254881e-05,0.030303030303030304,0.026884968687757346,0.3838383838383838
0,0.41414141414141414,0.00025400575289329406,0.15151515151515152,0.03983887945136014,0.26262626262626265
0,0.35353535353535354,0.00018539121606983816,0.020202020202020204,0.04170292234584001,0.21212121212121213
0,0.2727272727272727,0.00014771636072354985,0.06060606060606061,0.036315677756129656,0.0707070707070707
0,0.3333333333333333,0.0003246695572277414,0.09090909090909091,0.04348298367507859,0.24242424242424243
0,0.24242424242424243,0.0004247000672417129,0.09090909090909091,0.04326434431727663,0.06060606060606061
0,0.3838383838383838,0.0001937033036806647,0.050505050505050504,0.036051861183649704,0.24242424242424243
0,0.31313131313131315,0.00025606072220335177,0.08080808080808081,0.041702459461712575,0.20202020202020202
0,0.2727272727272727,0.00039444629278205236,0.0707070707070707,0.04078292579118354,0.08080808080808081
0,0.3434343434343434,0.00023740352751334452,0.04040404040404041,0.03620270905572249,0.18181818181818182
0,0.36363636363636365,0.0005047197152649547,0.16161616161616163,0.04326704964123987,0.15151515151515152
0,0.31313131313131315,0.00016689834865359475,0.020202020202020204,0.03522711757934399,0.04040404040404041
0,0.41414141414141414,0.00020336243330825617,0.050505050505050504,0.031714166243349426,0.2222222222222222
0,0.30303030303030304,0.0002699847102049558,0.050505050505050504,0.042159951042874184,0.08080808080808081
0,0.29292929292929293,0.0002205243197478128,0.050505050505050504,0.038874481928295325,0.08080808080808081
0,0.35353535353535354,0.00010910560844358635,0.04040404040404041,0.036051003399198804,0.15151515151515152
0,0.2727272727272727,0.0006752168935093614,0.1717171717171717,0.04463945051729991,0.15151515151515152
0,0.31313131313131315,0.000243514744827784,0.10101010101010101,0.04493911489293391,0.12121212121212122
0,0.46464646464646464,1.0799570250013081e-05,0.2222222222222222,0.025639078994586912,0.23232323232323232
0,0.36363636363636365,0.00028616320189187857,0.09090909090909091,0.03630939286114005,0.20202020202020202
0,0.24242424242424243,0.00036218986615634853,0.0707070707070707,0.04221140099296328,0.06060606060606061
0,0.31313131313131315,0.0003199372699026475,0.09090909090909091,0.044296875080061394,0.2222222222222222
0,0.3434343434343434,0.00023271801900175162,0.1414141414141414,0.036754268954071044,0.06060606060606061
0,0.40404040404040403,6.616231196301032e-05,0.1111111111111111,0.03210438323059916,0.08080808080808081
0,0.42424242424242425,1.442872604401631e-05,0.26262626262626265,0.023765445647080708,0.18181818181818182
0,0.5555555555555556,-3.26946114710855e-07,0.43434343434343436,0.016982679686001003,0.2727272727272727
0,0.48484848484848486,1.7552101032469036e-05,0.1717171717171717,0.019861524356147926,0.21212121212121213
0,0.30303030303030304,0.0002758409432048594,0.0707070707070707,0.03984160023452375,0.1111111111111111
0,0.45454545454545453,7.01005362983816e-05,0.08080808080808081,0.028743781528524717,0.10101010101010101
0,0.3333333333333333,0.00027696085688212605,0.21212121212121213,0.04682480287631097,0.0707070707070707
0,0.40404040404040403,4.3365442322681895e-05,0.020202020202020204,0.024495702847297053,0.41414141414141414
0,0.25252525252525254,0.00038634433165689194,0.18181818181818182,0.04004878679154864,0.04040404040404041
0,0.41414141414141414,4.631124769838794e-06,0.25252525252525254,0.011000045861531457,0.5454545454545454
0,0.20202020202020202,0.0005749314251769941,0.08080808080808081,0.04164358949976745,0.1414141414141414
0,0.48484848484848486,1.2550073781371332e-05,0.1414141414141414,0.014714621593350463,0.40404040404040403
0,0.2727272727272727,0.0004385308820022411,0.04040404040404041,0.042427505175924654,0.3333333333333333
0,0.3434343434343434,0.00020403133998052157,0.030303030303030304,0.029388510064241247,0.08080808080808081
0,0.23232323232323232,0.0004974474351880528,0.08080808080808081,0.03981797394321972,0.31313131313131315
0,0.5050505050505051,1.0629649992076093e-06,0.3838383838383838,0.015327265014202675,0.32323232323232326
0,0.21212121212121213,0.0003618941791114431,0.04040404040404041,0.03817020804523014,0.13131313131313133
0,0.42424242424242425,1.6586822281583668e-05,0.2727272727272727,0.021712579133894603,0.2828282828282828
0,0.4444444444444444,3.063860073284981e-06,0.4444444444444444,0.01350455523890363,0.32323232323232326
0,0.45454545454545453,6.15882935672915e-05,0.020202020202020204,0.021155190549635015,0.25252525252525254
0,0.46464646464646464,0.00021287221422609895,0.010101010101010102,0.03558037247859077,0.1414141414141414
0,0.2222222222222222,0.0013233029402647638,0.1919191919191919,0.050005062506589135,0.12121212121212122
0,0.494949494949495,1.392042534069285e-05,0.020202020202020204,0.016422051425611223,0.37373737373737376
0,0.3333333333333333,0.00028204823849665143,0.030303030303030304,0.03327141674820443,0.26262626262626265
0,0.3939393939393939,8.5212922958143e-05,0.050505050505050504,0.029971501160672476,0.12121212121212122
0,0.37373737373737376,7.471904282444892e-05,0.06060606060606061,0.032728446341837227,0.16161616161616163
0,0.5050505050505051,1.7938594164007788e-06,0.5252525252525253,0.015894352524249363,0.32323232323232326
0,0.5050505050505051,2.0848063793602346e-05,0.06060606060606061,0.029250526785481994,0.15151515151515152
0,0.2828282828282828,0.0007714445073083724,0.0707070707070707,0.035918093920107495,0.21212121212121213
0,0.43434343434343436,0.00015873927746538462,0.010101010101010102,0.03145208329941958,0.2727272727272727
0,0.3333333333333333,0.00020965414412512143,0.030303030303030304,0.040722834350669444,0.25252525252525254
0,0.29292929292929293,0.00017349084551026645,0.04040404040404041,0.03417004072967481,0.1111111111111111
0,0.48484848484848486,1.659656712790389e-05,0.12121212121212122,0.024694203343650134,0.08080808080808081
0,0.32323232323232326,0.00014034482603952856,0.020202020202020204,0.035522493963194395,0.1111111111111111
0,0.3333333333333333,0.0003207974488145794,0.1111111111111111,0.0455348456581761,0.1414141414141414
0,0.3939393939393939,4.0715134982611994e-05,0.030303030303030304,0.022389533355926635,0.40404040404040403
0,0.41414141414141414,6.821432810535396e-05,0.020202020202020204,0.02646182496142176,0.46464646464646464
0,0.41414141414141414,7.16549772726445e-06,0.3333333333333333,0.016264642007246276,0.35353535353535354
0,0.5555555555555556,1.6468451360735042e-07,0.6060606060606061,0.014516820346167972,0.2222222222222222
0,0.36363636363636365,3.281705707403927e-06,0.010101010101010102,0.009563893210146869,0.0
0,0.5050505050505051,6.012593773356203e-07,0.04040404040404041,0.006977621802675556,0.43434343434343436
0,0.35353535353535354,2.0685879170446718e-06,0.020202020202020204,0.0062009431079136325,0.6464646464646465
0,0.4444444444444444,1.0146556412868876e-06,0.04040404040404041,0.005185829625251818,0.0
0,0.26262626262626265,1.7483454299402576e-05,0.020202020202020204,0.0157392336558358,0.494949494949495
0,0.2222222222222222,0.00013793157118548733,0.030303030303030304,0.018169696163835968,0.24242424242424243
0,0.40404040404040403,7.080107712720251e-06,0.010101010101010102,0.011325149049034481,0.6363636363636364
0,0.31313131313131315,1.4160082259625052e-05,0.010101010101010102,0.011889299152510191,0.35353535353535354
0,0.30303030303030304,0.0001233362601572116,0.010101010101010102,0.02122004143827253,0.21212121212121213
0,0.37373737373737376,2.6795516393242325e-06,0.010101010101010102,0.007686384186150395,0.6262626262626263
0,0.4444444444444444,1.0530107577263814e-06,0.020202020202020204,0.007250097909707822,0.0
0,0.3939393939393939,6.376933212810593e-07,0.010101010101010102,0.004187305813222332,0.6464646464646465
0,0.5252525252525253,4.033852824015394e-07,0.06060606060606061,0.0053279826020352795,0.050505050505050504
0,0.42424242424242425,3.858362919510522e-06,0.010101010101010102,0.00850167942468176,0.5959595959595959
0,0.5252525252525253,1.5802855972717454e-07,0.010101010101010102,0.004098732620181057,0.0
0,0.48484848484848486,1.3711988971281977e-05,0.1111111111111111,0.018260448759740706,0.35353535353535354
0,0.5252525252525253,1.406965552079675e-06,0.6262626262626263,0.01539251084869091,0.12121212121212122
0,0.5050505050505051,8.20667222035347e-06,0.1919191919191919,0.018486870593744185,0.16161616161616163
0,0.5050505050505051,4.3541749043368084e-06,0.09090909090909091,0.014959153484594184,0.32323232323232326
0,0.48484848484848486,2.3017307721175243e-06,0.3838383838383838,0.01334464302895752,0.40404040404040403
0,0.5757575757575758,-9.454178625193737e-07,0.8585858585858586,0.012374515783720787,0.29292929292929293
0,0.5151515151515151,3.5107993983165253e-06,0.18181818181818182,0.014911063258265833,0.3838383838383838
0,0.5353535353535354,1.138365957994584e-06,0.494949494949495,0.01334061727658065,0.48484848484848486
0,0.5757575757575758,-1.6560357946814346e-06,0.8787878787878788,0.012023711189475853,0.20202020202020202
0,0.5252525252525253,8.025339796630675e-07,0.06060606060606061,0.013659987273742506,0.30303030303030304
0,0.5252525252525253,-5.097897245102087e-07,0.7676767676767676,0.016557313423817523,0.24242424242424243
0,0.45454545454545453,9.670740175829967e-06,0.25252525252525254,0.017408496176906492,0.2828282828282828
0,0.42424242424242425,1.5728723262909242e-05,0.1111111111111111,0.0161601343251815,0.10101010101010101
0,0.3838383838383838,6.125079823452482e-06,0.36363636363636365,0.013824621183685276,0.31313131313131315
0,0.494949494949495,4.910005642134844e-07,0.31313131313131315,0.011738542809903132,0.42424242424242425
0,0.5050505050505051,6.826995655354098e-06,0.1414141414141414,0.024351197670691296,0.1717171717171717
0,0.4444444444444444,3.2093751477340586e-05,0.15151515151515152,0.02998104425680138,0.0
0,0.5050505050505051,-6.851702949392725e-06,0.9191919191919192,0.019825501952090402,0.04040404040404041
0,0.5151515151515151,6.351710644146649e-06,0.5353535353535354,0.019516680192884623,0.42424242424242425
0,0.5757575757575758,-1.378502153175191e-06,0.7676767676767676,0.02282407297609404,0.1919191919191919
0,0.6363636363636364,-9.3656773512255e-06,1.0,0.013162731204522967,0.6262626262626263
0,0.5050505050505051,5.963530829106777e-06,0.46464646464646464,0.020581671791510315,0.31313131313131315
0,0.5959595959595959,-7.656792560490814e-06,0.9595959595959596,0.018200554222619233,0.6060606060606061
0,0.5252525252525253,-1.1742093685903587e-06,0.7070707070707071,0.017714896129079248,0.47474747474747475
0,0.47474747474747475,2.2940160099619198e-06,0.9393939393939394,0.017969558846982918,0.2222222222222222
0,0.6262626262626263,-9.3463788738114e-06,1.0,0.017155737159052047,0.010101010101010102
0,0.5252525252525253,5.704237736275665e-06,0.898989898989899,0.015110099819077079,0.5151515151515151
0,0.494949494949495,2.579381386289354e-06,0.9797979797979798,0.015503110492784302,0.0
0,0.45454545454545453,2.7642874352427277e-05,0.5858585858585859,0.01876580627464201,0.16161616161616163
0,0.48484848484848486,6.079259138334735e-06,0.9494949494949495,0.0171049492752245,0.06060606060606061
0,0.46464646464646464,1.842651678586864e-05,0.8282828282828283,0.019816694624470235,0.0
0,0.5454545454545454,-4.548447781072328e-06,0.9090909090909091,0.01796659817185833,0.5757575757575758
0,0.5151515151515151,-2.8061848921686495e-07,0.696969696969697,0.020580329204424437,0.010101010101010102
0,0.6161616161616161,-8.583363045365115e-06,0.9797979797979798,0.014375891562576236,0.6868686868686869
0,0.3939393939393939,1.1440040925633539e-05,0.35353535353535354,0.0184306581485244,0.40404040404040403
0,0.5858585858585859,-4.276345317481768e-06,0.6565656565656566,0.02265687564579517,0.46464646464646464
0,0.5555555555555556,7.540554689355309e-07,0.6464646464646465,0.015205981621680924,0.42424242424242425
0,0.5454545454545454,-9.902702775425957e-07,0.7878787878787878,0.01746403210643373,0.5757575757575758
0,0.48484848484848486,8.492411473711992e-06,0.5151515151515151,0.016569532901074963,0.30303030303030304
0,0.5252525252525253,5.943211044691637e-06,0.5050505050505051,0.020923968808259166,0.46464646464646464
0,0.45454545454545453,0.00014764552556127957,0.030303030303030304,0.029457826961396486,0.0
0,0.41414141414141414,1.762115137033203e-05,0.6161616161616161,0.019764477076550047,0.0
0,0.5353535353535354,-3.105791325476781e-07,1.0,0.014312303933856919,0.0
0,0.6464646464646465,1.130490297297487e-05,0.030303030303030304,0.01975871416767742,0.7070707070707071
0,0.5454545454545454,1.0151263672446927e-05,0.5555555555555556,0.017253650584500093,0.29292929292929293
0,0.47474747474747475,1.4966801529516245e-05,0.4444444444444444,0.017633233598082238,0.1414141414141414
0,0.5151515151515151,1.5563720368463912e-05,0.5151515151515151,0.019891523486711322,0.32323232323232326
0,0.494949494949495,1.7651903650620424e-05,0.4444444444444444,0.020717697462291684,0.47474747474747475
0,0.494949494949495,1.1121457074207922e-06,0.7373737373737373,0.023370686376128463,0.030303030303030304
0,0.2828282828282828,7.297718297390861e-05,0.24242424242424243,0.020893276741321878,0.010101010101010102
0,0.5050505050505051,7.435071247233482e-08,0.9595959595959596,0.019062167841406345,0.0
0,0.40404040404040403,3.308354326708678e-05,0.2727272727272727,0.025504483918961526,0.04040404040404041
0,0.45454545454545453,1.2083177524861948e-05,0.42424242424242425,0.020732487844911215,0.010101010101010102
0,0.46464646464646464,1.3645343736019763e-05,0.6464646464646465,0.02357473863990801,0.0
0,0.45454545454545453,3.634076058257755e-05,0.16161616161616163,0.02514482811300577,0.08080808080808081
0,0.45454545454545453,6.929304642355675e-06,0.29292929292929293,0.01535095250952551,0.29292929292929293
0,0.494949494949495,9.489196250612705e-06,0.04040404040404041,0.01644701987833557,0.25252525252525254
0,0.3333333333333333,0.00021460639500829625,0.030303030303030304,0.03548290426549108,0.020202020202020204
0,0.42424242424242425,0.00012882846970467925,0.030303030303030304,0.02539050928651325,0.04040404040404041
0,0.32323232323232326,7.533155241899316e-05,0.030303030303030304,0.025660312394218225,0.010101010101010102
0,0.45454545454545453,2.797574539807492e-06,0.2727272727272727,0.017892411250403514,0.1919191919191919
0,0.5151515151515151,4.992992606330237e-06,0.15151515151515152,0.01753024117173957,0.2828282828282828
0,0.40404040404040403,3.145550025095341e-05,0.15151515151515152,0.02363396721276332,0.15151515151515152
0,0.48484848484848486,2.1388804533806955e-05,0.09090909090909091,0.01733120161358638,0.36363636363636365
0,0.37373737373737376,3.986986764759956e-05,0.09090909090909091,0.01803557304852546,0.1919191919191919
0,0.24242424242424243,0.0003499994842324034,0.12121212121212122,0.0521451329358381,0.0707070707070707
0,0.3939393939393939,9.707740043180656e-05,0.0707070707070707,0.02756615123907336,0.21212121212121213
0,0.3838383838383838,3.4601767816180986e-05,0.09090909090909091,0.024160988412969573,0.1414141414141414
0,0.41414141414141414,5.637425295141884e-06,0.0707070707070707,0.016619676729495752,0.2727272727272727
0,0.41414141414141414,0.0001520685729065424,0.09090909090909091,0.02782145672025761,0.020202020202020204
0,0.5050505050505051,0.00025137156554502104,0.08080808080808081,0.03337220430948422,0.4444444444444444
0,0.31313131313131315,0.0009055212756934281,0.12121212121212122,0.03383477081272765,0.1111111111111111
0,0.3939393939393939,0.0008735826961578718,0.16161616161616163,0.044246904636685756,0.30303030303030304
0,0.2727272727272727,0.0002985135578021898,0.06060606060606061,0.03208893744504652,0.24242424242424243
0,0.21212121212121213,0.0007895925260992819,0.04040404040404041,0.03373685791375686,0.09090909090909091
0,0.48484848484848486,7.590992966867585e-06,0.5858585858585859,0.02162823231913148,0.5353535353535354
0,0.46464646464646464,0.00017273927889630334,0.13131313131313133,0.03672868310804113,0.45454545454545453
0,0.31313131313131315,0.0004895598286087414,0.13131313131313133,0.04226982838848253,0.1414141414141414
0,0.2222222222222222,0.0003100380758603033,0.09090909090909091,0.03242191022182964,0.1111111111111111
0,0.40404040404040403,0.00015802096964572632,0.050505050505050504,0.02845093084978191,0.3434343434343434
0,0.37373737373737376,4.629191355562522e-05,0.020202020202020204,0.018486706458606318,0.29292929292929293
0,0.3333333333333333,0.00021449876317723105,0.04040404040404041,0.027662557849576493,0.23232323232323232
0,0.42424242424242425,1.1528308026558935e-05,0.12121212121212122,0.0189571749682168,0.23232323232323232
0,0.3333333333333333,0.00024162404623643744,0.0707070707070707,0.02879840545444321,0.2222222222222222
0,0.24242424242424243,0.0012980834545955552,0.08080808080808081,0.03203328586469881,0.0707070707070707
0,0.3838383838383838,0.0001793054166551783,0.04040404040404041,0.034142499451056914,0.40404040404040403
0,0.29292929292929293,0.0006402741102018957,0.08080808080808081,0.03923706348072638,0.20202020202020202
0,0.29292929292929293,0.00040649676400102304,0.0707070707070707,0.040168255819481496,0.050505050505050504
0,0.2828282828282828,0.000524497675903125,0.09090909090909091,0.04043960666325189,0.3838383838383838
0,0.2828282828282828,0.00047903470017315945,0.08080808080808081,0.04204732077518989,0.45454545454545453
0,0.25252525252525254,0.0007168484984818197,0.08080808080808081,0.04497136396807568,0.32323232323232326
0,0.31313131313131315,0.0005281833171269982,0.10101010101010101,0.040274968569938674,0.3434343434343434
0,0.25252525252525254,0.0006627377076652984,0.09090909090909091,0.03767850854804444,0.2222222222222222
0,0.35353535353535354,0.00024984060606412915,0.0707070707070707,0.039653179135951906,0.3939393939393939
0,0.3434343434343434,0.000549123316326444,0.1111111111111111,0.051873716223923366,0.41414141414141414
0,0.36363636363636365,0.00019921289836064278,0.04040404040404041,0.032203444542097566,0.46464646464646464
0,0.31313131313131315,0.00026961028030971385,0.030303030303030304,0.03790727417599813,0.2727272727272727
0,0.45454545454545453,0.00010083627959504458,0.010101010101010102,0.031073917577434614,0.3434343434343434
0,0.31313131313131315,0.00024765099578224754,0.030303030303030304,0.03706171036341729,0.26262626262626265
0,0.23232323232323232,0.0006057925200823801,0.08080808080808081,0.043046283216970085,0.29292929292929293
0,0.43434343434343436,7.287446502803863e-05,0.04040404040404041,0.022741767796313685,0.37373737373737376
0,0.29292929292929293,0.00038442309262262637,0.09090909090909091,0.03986641090839551,0.1414141414141414
0,0.25252525252525254,0.00034041288393660626,0.050505050505050504,0.04009235265737407,0.1111111111111111
0,0.31313131313131315,0.00038380721555312044,0.050505050505050504,0.03799336568717056,0.32323232323232326
0,0.30303030303030304,0.00029583575025818483,0.050505050505050504,0.035389617254146195,0.08080808080808081
0,0.3434343434343434,0.00042331507670202126,0.1414141414141414,0.04577697674853219,0.35353535353535354
0,0.3333333333333333,0.0003691626051019712,0.0707070707070707,0.03739823544498082,0.21212121212121213
0,0.37373737373737376,0.00033738798385325605,0.06060606060606061,0.04201616479753355,0.18181818181818182
0,0.42424242424242425,1.4132822729902495e-05,0.06060606060606061,0.021393685887424317,0.2222222222222222
0,0.2222222222222222,0.00026299881669468016,0.020202020202020204,0.03963077797883726,0.1111111111111111
0,0.29292929292929293,0.0003323471145242,0.1111111111111111,0.03585945163977329,0.23232323232323232
0,0.3333333333333333,0.0005449947850213994,0.16161616161616163,0.04102026619862223,0.30303030303030304
0,0.46464646464646464,2.65151807191387e-06,0.04040404040404041,0.015878113133349237,0.2727272727272727
0,0.29292929292929293,0.00022831491563970896,0.010101010101010102,0.02948089126598704,0.04040404040404041
0,0.36363636363636365,4.318477375263702e-05,0.020202020202020204,0.027649447844269426,0.06060606060606061
0,0.21212121212121213,0.0001806973879937544,0.12121212121212122,0.03435022079285469,0.050505050505050504
0,0.32323232323232326,0.0002549779622525539,0.12121212121212122,0.040252188492885116,0.10101010101010101
0,0.26262626262626265,0.0004475503857903206,0.050505050505050504,0.022365818416602117,0.10101010101010101
0,0.5252525252525253,3.4608254933204394e-06,0.030303030303030304,0.015041903891890038,0.13131313131313133
0,0.41414141414141414,4.113714928704132e-06,0.0707070707070707,0.013920485045639926,0.24242424242424243
0,0.3939393939393939,7.426462773494671e-06,0.050505050505050504,0.014311938552661913,0.050505050505050504
0,0.5454545454545454,5.516916132753517e-07,0.36363636363636365,0.01125424524307322,0.12121212121212122
0,0.3434343434343434,0.0001635171442093334,0.09090909090909091,0.030750888732686693,0.20202020202020202
0,0.26262626262626265,0.00037076317412948164,0.10101010101010101,0.04226779545488148,0.13131313131313133
0,0.3434343434343434,0.00021006609107796412,0.030303030303030304,0.029815884618554535,0.13131313131313133
0,0.32323232323232326,0.00036115216830891384,0.04040404040404041,0.041782785056475535,0.26262626262626265
0,0.5252525252525253,8.41932631752733e-06,0.050505050505050504,0.021483990811560362,0.09090909090909091
0,0.3838383838383838,0.0003016266743604565,0.06060606060606061,0.0441207044603289,0.20202020202020202
0,0.40404040404040403,0.0001867443594144256,0.020202020202020204,0.024120196645410458,0.16161616161616163
0,0.45454545454545453,1.606456018827793e-05,0.10101010101010101,0.016443015537777602,0.10101010101010101
0,0.29292929292929293,0.0005104701444266501,0.050505050505050504,0.041074786326554584,0.08080808080808081
0,0.5555555555555556,2.801696921825798e-07,0.5252525252525253,0.009830642101337052,0.37373737373737376
0,0.47474747474747475,4.333003976198194e-09,0.9191919191919192,0.011633548570068571,0.16161616161616163
0,0.3939393939393939,6.963749896712011e-05,0.050505050505050504,0.02834908937050068,0.31313131313131315
0,0.41414141414141414,2.05583053372535e-05,0.04040404040404041,0.024223176008483442,0.1111111111111111
0,0.26262626262626265,0.0002778075591567911,0.06060606060606061,0.034512122181609095,0.06060606060606061
0,0.31313131313131315,7.720537664376238e-05,0.010101010101010102,0.03092121853276317,0.1111111111111111
0,0.5050505050505051,1.7182845655567586e-07,0.5555555555555556,0.011501705913824038,0.42424242424242425
0,0.47474747474747475,2.2987749498539897e-05,0.030303030303030304,0.019541887050891108,0.29292929292929293
0,0.5252525252525253,-1.6379114928406793e-07,0.6363636363636364,0.013685876661048839,0.29292929292929293
0,0.5151515151515151,-6.505837033323418e-07,0.6767676767676768,0.015292581102005109,0.1919191919191919
0,0.5252525252525253,8.988512706507688e-07,0.42424242424242425,0.013319054954679025,0.42424242424242425
0,0.5555555555555556,-8.430008946188723e-07,0.696969696969697,0.010136845550018429,0.20202020202020202
0,0.3838383838383838,2.1969205773518985e-05,0.04040404040404041,0.021138078598316293,0.42424242424242425
0,0.5252525252525253,-4.851780750879313e-07,0.5454545454545454,0.011737745304293168,0.3434343434343434
0,0.3333333333333333,8.581135454014626e-05,0.050505050505050504,0.032315921763722937,0.23232323232323232
0,0.29292929292929293,0.0001890539333838032,0.06060606060606061,0.033312783894287296,0.29292929292929293
0,0.43434343434343436,5.0017568044313734e-05,0.020202020202020204,0.024303660066079688,0.25252525252525254
0,0.35353535353535354,0.00016947409823430846,0.0707070707070707,0.02952802625260887,0.12121212121212122
0,0.5656565656565656,-9.68021965260137e-06,0.6868686868686869,0.021730685554957822,0.09090909090909091
0,0.5454545454545454,-9.946283537180763e-06,0.8585858585858586,0.025262566678166173,0.030303030303030304
0,0.35353535353535354,5.8158447015661826e-05,0.15151515151515152,0.01719834749325113,0.08080808080808081
0,0.2828282828282828,0.0004546878752631791,0.1919191919191919,0.04128020481578179,0.1717171717171717
0,0.35353535353535354,0.0002593205471539423,0.04040404040404041,0.030419969605751655,0.1717171717171717
0,0.32323232323232326,0.00044131246910124566,0.04040404040404041,0.027415174555110312,0.1717171717171717
0,0.48484848484848486,0.0001535152679291638,0.020202020202020204,0.03414478926106204,0.1717171717171717
0,0.3434343434343434,0.00017681083816291292,0.0707070707070707,0.03552503829773106,0.21212121212121213
0,0.37373737373737376,0.00029204647400224985,0.1111111111111111,0.030807983018482882,0.18181818181818182
0,0.31313131313131315,0.0004871168050865833,0.04040404040404041,0.03836680815468096,0.18181818181818182
0,0.46464646464646464,4.161164535113584e-05,0.010101010101010102,0.02851661582487741,0.20202020202020202
0,0.5050505050505051,8.496205236404094e-06,0.020202020202020204,0.015077404269125941,0.5050505050505051
0,0.3838383838383838,2.172091753282247e-05,0.26262626262626265,0.02253952949337417,0.10101010101010101
0,0.41414141414141414,2.4190880974221772e-05,0.050505050505050504,0.020206774408572045,0.18181818181818182
0,0.43434343434343436,2.5221052616192942e-05,0.09090909090909091,0.013992186088885961,0.30303030303030304
0,0.45454545454545453,1.2176138558536825e-06,0.31313131313131315,0.01220500638329554,0.29292929292929293
0,0.494949494949495,8.617725862954323e-06,0.050505050505050504,0.016649774293229076,0.21212121212121213
0,0.46464646464646464,3.302521847015936e-05,0.050505050505050504,0.014608853972703001,0.09090909090909091
0,0.41414141414141414,8.46257912316576e-06,0.15151515151515152,0.014349712905428936,0.31313131313131315
0,0.41414141414141414,6.093326878230654e-06,0.020202020202020204,0.015585081231728665,0.23232323232323232
0,0.29292929292929293,5.0188558658356834e-05,0.20202020202020202,0.0244038019240401,0.06060606060606061
0,0.5353535353535354,2.033285671897088e-06,0.37373737373737376,0.015884682413947807,0.3838383838383838
0,0.48484848484848486,1.0479364447836455e-05,0.10101010101010101,0.014441059056310802,0.18181818181818182
0,0.5353535353535354,3.169374842846655e-07,0.5151515151515151,0.01628407629921494,0.16161616161616163
0,0.43434343434343436,1.7425743225417394e-05,0.1111111111111111,0.016845038567569998,0.30303030303030304
0,0.43434343434343436,1.1385952480441648e-05,0.08080808080808081,0.021414341292349783,0.13131313131313133
0,0.5252525252525253,3.4902574925015004e-07,0.5252525252525253,0.013408096236625568,0.1414141414141414
0,0.40404040404040403,1.736449122845142e-05,0.12121212121212122,0.01899435132879325,0.2727272727272727
0,0.47474747474747475,9.38913328964877e-06,0.1717171717171717,0.017573526837261107,0.24242424242424243
0,0.24242424242424243,0.0005901492124857409,0.030303030303030304,0.02490167763622863,0.32323232323232326
0,0.3434343434343434,5.05136299000597e-05,0.16161616161616163,0.020105251275614477,0.30303030303030304
0,0.31313131313131315,0.000517957429735648,0.06060606060606061,0.04426466695966044,0.1919191919191919
0,0.24242424242424243,0.000581685006999909,0.050505050505050504,0.049440510114353374,0.030303030303030304
0,0.23232323232323232,0.00046351492748119514,0.0707070707070707,0.03287559330813764,0.2222222222222222
0,0.32323232323232326,0.0004543999579471932,0.020202020202020204,0.03698780692621235,0.3939393939393939
0,0.36363636363636365,8.463735444147547e-05,0.04040404040404041,0.023900755313290258,0.0707070707070707
0,0.32323232323232326,3.798659445942974e-05,0.1414141414141414,0.02339010658628993,0.06060606060606061
0,0.3838383838383838,8.366983504708823e-06,0.1111111111111111,0.017492370617962723,0.24242424242424243
0,0.26262626262626265,5.8100994141152594e-05,0.1919191919191919,0.018338093486377292,0.0707070707070707
0,0.36363636363636365,4.5720081110884796e-05,0.2222222222222222,0.02684629833645153,0.10101010101010101
0,0.42424242424242425,3.080095950708463e-05,0.16161616161616163,0.01919399129690312,0.21212121212121213
0,0.3434343434343434,4.357298105532828e-05,0.1717171717171717,0.021290290214134276,0.12121212121212122
0,0.32323232323232326,3.1218614948025165e-05,0.16161616161616163,0.018451145571814435,0.36363636363636365
0,0.31313131313131315,4.214395317195378e-05,0.13131313131313133,0.015251444693696447,0.1111111111111111
0,0.3939393939393939,7.24405157601722e-05,0.16161616161616163,0.018340656270536042,0.41414141414141414
0,0.3838383838383838,0.00029795157788864326,0.030303030303030304,0.02278113965682041,0.3838383838383838
0,0.5151515151515151,4.059478462353258e-06,0.2727272727272727,0.015880471232344658,0.31313131313131315
0,0.24242424242424243,0.0009530567650022994,0.09090909090909091,0.052802602344773436,0.13131313131313133
0,0.4444444444444444,0.0001792572176634369,0.06060606060606061,0.030335801667560808,0.2222222222222222
0,0.47474747474747475,2.9363383319946877e-06,0.5050505050505051,0.0215799737351623,0.1919191919191919
0,0.3838383838383838,0.00019547799662982972,0.0707070707070707,0.031947348330336585,0.21212121212121213
0,0.3838383838383838,0.00039519027047874315,0.04040404040404041,0.03381042801124685,0.5757575757575758
0,0.24242424242424243,0.0007833946906099685,0.12121212121212122,0.044206445981852326,0.18181818181818182
0,0.25252525252525254,0.0007581736001509335,0.030303030303030304,0.03631086328624323,0.47474747474747475
0,0.2828282828282828,0.0011692511601821608,0.1111111111111111,0.042384674690576926,0.42424242424242425
0,0.3434343434343434,0.00031253056775320084,0.08080808080808081,0.0315634928883705,0.35353535353535354
0,0.30303030303030304,0.00026593541109704624,0.020202020202020204,0.03280268786247451,0.32323232323232326
0,0.43434343434343436,2.8827046316672693e-05,0.020202020202020204,0.02666869762713445,0.6060606060606061
0,0.40404040404040403,0.00014746721608183537,0.24242424242424243,0.02525293545613066,0.41414141414141414
0,0.24242424242424243,8.99070453317036e-05,0.050505050505050504,0.019143161061501088,0.18181818181818182
0,0.36363636363636365,0.00031733194847929116,0.050505050505050504,0.024638548265193513,0.37373737373737376
0,0.3434343434343434,0.0007309988547240377,0.12121212121212122,0.053963193004549825,0.41414141414141414
0,0.29292929292929293,0.0001773679636667199,0.09090909090909091,0.032108115333230325,0.37373737373737376
0,0.23232323232323232,0.00024175486158300636,0.0707070707070707,0.032738329565518434,0.26262626262626265
0,0.2828282828282828,0.00017806198187825982,0.030303030303030304,0.027083795354134077,0.31313131313131315
0,0.3333333333333333,0.00020384903482924724,0.050505050505050504,0.03914758390265733,0.5757575757575758
0,0.1414141414141414,0.0008053575261679694,0.04040404040404041,0.04176321900471005,0.42424242424242425
0,0.5353535353535354,4.6325712430901226e-07,0.010101010101010102,0.007798346152577882,0.42424242424242425
0,0.1717171717171717,0.00013166007790478077,0.04040404040404041,0.02256651806969463,0.2222222222222222
0,0.1717171717171717,0.0006246932683284752,0.04040404040404041,0.02406715223983912,0.3939393939393939
0,0.12121212121212122,0.0004636582746378583,0.050505050505050504,0.026319968486796647,0.3838383838383838
0,0.1919191919191919,0.00022017209701136764,0.020202020202020204,0.04185574312385509,0.26262626262626265
0,0.2222222222222222,0.0003981171969928124,0.020202020202020204,0.03645601429164884,0.25252525252525254
0,0.1919191919191919,0.0007849303387663152,0.0707070707070707,0.039047218245810277,0.2727272727272727
0,0.16161616161616163,0.0006015005723846185,0.04040404040404041,0.03606130978827922,0.2727272727272727
0,0.1111111111111111,0.0007014923056767418,0.020202020202020204,0.03587998257201196,0.30303030303030304
0,0.15151515151515152,0.0005606364302228391,0.050505050505050504,0.024819688896044717,0.32323232323232326
0,0.23232323232323232,0.0019014320829763708,0.08080808080808081,0.04198614203312743,0.45454545454545453
0,0.1111111111111111,0.0004524809791481765,0.030303030303030304,0.033331215009905574,0.31313131313131315
0,0.16161616161616163,0.00048219878470340857,0.050505050505050504,0.031853579477694315,0.16161616161616163
0,0.2222222222222222,0.0004998929665904976,0.0707070707070707,0.03374374440614152,0.36363636363636365
0,0.46464646464646464,7.886041294622571e-06,0.1111111111111111,0.016439088766798605,0.3434343434343434
0,0.5050505050505051,3.4258727771280078e-06,0.5555555555555556,0.01284497543223437,0.29292929292929293
0,0.5454545454545454,-1.2769929495180032e-06,0.797979797979798,0.012222877615472508,0.37373737373737376
0,0.40404040404040403,5.228691687734976e-06,0.29292929292929293,0.01362303488618281,0.5454545454545454
0,0.47474747474747475,4.972677282218423e-06,0.20202020202020202,0.01738992870010796,0.3838383838383838
0,0.3939393939393939,0.00014425266982830595,0.04040404040404041,0.025586074844839404,0.25252525252525254
0,0.37373737373737376,5.822591518970435e-06,0.06060606060606061,0.014561105440134803,0.5050505050505051
0,0.40404040404040403,1.6273857467398814e-05,0.15151515151515152,0.013864836313612537,0.3838383838383838
0,0.45454545454545453,5.613607699267826e-06,0.41414141414141414,0.012362348523342078,0.30303030303030304
0,0.5353535353535354,1.1065928204357482e-06,0.5050505050505051,0.017621542909494692,0.24242424242424243
0,0.5050505050505051,5.665179884381583e-06,0.1919191919191919,0.01578659229639287,0.31313131313131315
0,0.48484848484848486,4.9424651492221654e-05,0.030303030303030304,0.02578554300927527,0.3333333333333333
0,0.37373737373737376,0.0001636570195905271,0.0707070707070707,0.03371059061496519,0.25252525252525254
0,0.45454545454545453,8.876112818257661e-05,0.030303030303030304,0.026564021500065243,0.12121212121212122
0,0.35353535353535354,1.4556101565916653e-05,0.030303030303030304,0.015400092210056778,0.494949494949495
0,0.47474747474747475,8.365998122078402e-06,0.09090909090909091,0.017634595542509596,0.26262626262626265
0,0.4444444444444444,4.927743966912868e-06,0.48484848484848486,0.019714590516444728,0.2828282828282828
0,0.5050505050505051,5.295221026269545e-06,0.12121212121212122,0.012967405982644129,0.29292929292929293
0,0.5151515151515151,2.816079521567087e-06,0.08080808080808081,0.013885458149728188,0.2828282828282828
0,0.5858585858585859,2.6786398275050323e-07,0.30303030303030304,0.014163320972850762,0.26262626262626265
0,0.48484848484848486,2.0347006896203123e-06,0.1111111111111111,0.015494646240230283,0.41414141414141414
0,0.40404040404040403,1.7654082678176477e-05,0.10101010101010101,0.020184202045126123,0.21212121212121213
0,0.5252525252525253,7.773231717403484e-06,0.08080808080808081,0.01921535486630537,0.32323232323232326
0,0.46464646464646464,1.1086449211929299e-05,0.030303030303030304,0.015386709088865322,0.40404040404040403
0,0.5151515151515151,-6.67946369235005e-08,0.5252525252525253,0.014154000801627894,0.32323232323232326
0,0.47474747474747475,-7.150381212641057e-08,0.696969696969697,0.01292684117288053,0.1111111111111111
0,0.5252525252525253,5.21572419964797e-07,0.6767676767676768,0.012513766980082133,0.09090909090909091
0,0.5555555555555556,6.535182954626825e-07,0.3333333333333333,0.01522570291086592,0.26262626262626265
0,0.45454545454545453,3.43487491889347e-06,0.2727272727272727,0.013566313587073619,0.18181818181818182
0,0.46464646464646464,5.977384881475724e-06,0.030303030303030304,0.018199791567612162,0.2222222222222222
0,0.41414141414141414,5.825224031575835e-06,0.18181818181818182,0.012517166390066987,0.3434343434343434
0,0.40404040404040403,2.981108973176625e-05,0.10101010101010101,0.020941758228289146,0.2222222222222222
0,0.5454545454545454,-2.5717192682374837e-08,0.3939393939393939,0.014687626934449569,0.21212121212121213
0,0.42424242424242425,1.51378569787796e-05,0.1111111111111111,0.01701152784029037,0.20202020202020202
0,0.48484848484848486,1.626635871542983e-06,0.7474747474747475,0.016831665160157064,0.26262626262626265
0,0.45454545454545453,2.159146583505853e-06,0.5757575757575758,0.014306980174497363,0.43434343434343436
0,0.46464646464646464,8.353741601224828e-06,0.2222222222222222,0.01826888610517061,0.32323232323232326
0,0.4444444444444444,1.526407323168523e-05,0.35353535353535354,0.020050984073025673,0.23232323232323232
0,0.43434343434343436,6.943215059068792e-06,0.12121212121212122,0.016745464672398305,0.20202020202020202
0,0.48484848484848486,1.385086608420802e-06,0.48484848484848486,0.01599171708406191,0.494949494949495
0,0.3434343434343434,0.00011276463834477288,0.04040404040404041,0.03523941642106675,0.18181818181818182
0,0.3434343434343434,0.00042480983043173136,0.04040404040404041,0.03242064575111641,0.10101010101010101
0,0.48484848484848486,1.731780510785318e-05,0.020202020202020204,0.018605935119993033,0.3333333333333333
0,0.5050505050505051,6.00478812860577e-07,0.40404040404040403,0.009725430019800408,0.31313131313131315
0,0.3939393939393939,7.217749390211387e-05,0.020202020202020204,0.02521719012151316,0.32323232323232326
0,0.37373737373737376,0.00020177876040802442,0.030303030303030304,0.03186067242333374,0.020202020202020204
0,0.31313131313131315,0.00023637831102647192,0.010101010101010102,0.0385352529924024,0.030303030303030304
0,0.46464646464646464,4.337527071074035e-06,0.5656565656565656,0.017259157680998984,0.32323232323232326
0,0.47474747474747475,2.648082582307107e-06,0.1717171717171717,0.012433911852134931,0.40404040404040403
0,0.46464646464646464,1.1257018337266554e-05,0.08080808080808081,0.014666790418856008,0.26262626262626265
0,0.18181818181818182,0.0003763013902374535,0.0707070707070707,0.02216444906992254,0.3838383838383838
0,0.2828282828282828,0.000436963910877333,0.0707070707070707,0.029166623104454125,0.1414141414141414
0,0.46464646464646464,3.805576100143128e-06,0.31313131313131315,0.012551516203385538,0.26262626262626265
0,0.42424242424242425,9.19472381149719e-06,0.09090909090909091,0.017853978220805224,0.41414141414141414
0,0.35353535353535354,0.00010762560138481276,0.020202020202020204,0.02968161971543172,0.06060606060606061
0,0.15151515151515152,0.0003251666704768999,0.010101010101010102,0.031254099532712104,0.31313131313131315
0,0.31313131313131315,0.00012673648050571753,0.020202020202020204,0.022623420882045844,0.0
0,0.32323232323232326,0.0007078263355360168,0.06060606060606061,0.049717034824697706,0.18181818181818182
0,0.23232323232323232,0.0006622954509329724,0.050505050505050504,0.039636225124703654,0.1717171717171717
0,0.18181818181818182,0.00012127490426770238,0.050505050505050504,0.027885049827473654,0.09090909090909091
0,0.29292929292929293,0.00037865126036361254,0.04040404040404041,0.042644891092501996,0.2222222222222222
0,0.32323232323232326,5.7380209950817124e-05,0.010101010101010102,0.02518584442247818,0.21212121212121213
0,0.2222222222222222,0.0008103606154238462,0.10101010101010101,0.04122559929696868,0.1919191919191919
0,0.23232323232323232,0.0005382798443578503,0.06060606060606061,0.047551409114187045,0.09090909090909091
0,0.25252525252525254,0.0007574112262987613,0.08080808080808081,0.04130635362600819,0.20202020202020202
0,0.2222222222222222,0.0007788721680049268,0.06060606060606061,0.05174128469469455,0.32323232323232326
0,0.25252525252525254,0.00027528888854224526,0.020202020202020204,0.040028515094093074,0.35353535353535354
0,0.20202020202020202,0.0006643452804592671,0.050505050505050504,0.041537442843768764,0.26262626262626265
0,0.1717171717171717,0.000997655397994781,0.0707070707070707,0.044106502659046455,0.030303030303030304
0,0.2828282828282828,0.0009821766805337795,0.10101010101010101,0.06120374669018169,0.050505050505050504
